# Blender 4.1.0
# www.blender.org
mtllib machines.mtl
g Plane_Plane
v -1.000000 0.757155 -0.000000
v -1.000000 2.151326 0.000000
v -0.927420 2.223907 0.000000
v -0.989231 2.186951 0.000000
v -0.963044 2.213137 0.000000
v -1.000000 0.125006 -0.000000
v -0.931016 0.503955 -0.000000
v -0.871380 0.563591 -0.000000
v -0.922167 0.533226 -0.000000
v -0.900651 0.554742 -0.000000
v -0.871380 0.123814 -0.000000
v -0.931016 0.183450 -0.000000
v -0.900651 0.132663 -0.000000
v -0.922167 0.154179 -0.000000
v -0.927670 0.052440 -0.000000
v -0.990310 0.088604 -0.000000
v -0.963835 0.062130 -0.000000
v 0.000000 0.123814 -0.000000
v -1.000000 0.537571 -0.000000
v -1.000000 0.628202 -0.000000
v -1.000000 0.496102 -0.000000
v 0.000000 0.563591 -0.000000
v -1.000000 0.725706 -0.000000
v 0.000000 2.223907 0.000000
v 0.000000 0.052440 -0.000000
v 1.000000 0.757155 -0.000000
v 1.000000 2.151326 0.000000
v 0.927420 2.223907 0.000000
v 0.989231 2.186951 0.000000
v 0.963044 2.213137 0.000000
v 1.000000 0.125006 -0.000000
v 0.931016 0.503955 -0.000000
v 0.871380 0.563591 -0.000000
v 0.922167 0.533226 -0.000000
v 0.900651 0.554742 -0.000000
v 0.871380 0.123814 -0.000000
v 0.931016 0.183450 -0.000000
v 0.900651 0.132663 -0.000000
v 0.922167 0.154179 -0.000000
v 0.927670 0.052440 -0.000000
v 0.990310 0.088604 -0.000000
v 0.963835 0.062130 -0.000000
v 1.000000 0.537571 -0.000000
v 1.000000 0.628202 -0.000000
v 1.000000 0.496102 -0.000000
v 1.000000 0.725706 -0.000000
v -0.936535 0.746947 -0.000000
v -0.931016 0.746059 0.006000
v -0.932633 0.746319 0.001757
v -0.877115 0.692158 0.006000
v -0.876840 0.685991 -0.000000
v -0.877035 0.690352 0.001757
v -0.923018 0.719603 0.006000
v -0.928572 0.720043 -0.000000
v -0.924645 0.719732 0.001757
v -0.902356 0.693698 -0.000000
v -0.903571 0.700156 0.006000
v -0.903215 0.698264 0.001757
v -0.879957 2.150603 0.000000
v -0.876170 2.144754 0.006000
v -0.877279 2.146467 0.001757
v -0.931016 2.089907 0.006000
v -0.936332 2.094640 0.000000
v -0.932573 2.091294 0.001757
v -0.903090 2.136616 0.006000
v -0.907532 2.142286 0.000000
v -0.904391 2.138276 0.001757
v -0.927856 2.122088 0.000000
v -0.922878 2.116827 0.006000
v -0.924336 2.118368 0.001757
v 0.000000 2.150609 0.000000
v 0.000000 2.144754 0.006000
v 0.000000 2.146469 0.001757
v 0.000000 0.692158 0.006000
v 0.000000 0.685998 -0.000000
v 0.000000 0.690354 0.001757
v -0.931016 0.746059 0.110802
v -0.925016 0.746946 0.116802
v -0.929259 0.746319 0.115044
v -0.876228 0.698158 0.116802
v -0.877115 0.692158 0.110802
v -0.876855 0.693915 0.115044
v -0.917711 0.722781 0.116802
v -0.923018 0.719603 0.110802
v -0.921464 0.720534 0.115044
v -0.903571 0.700156 0.110802
v -0.900393 0.705463 0.116802
v -0.902640 0.701710 0.115044
v -0.876170 2.144754 0.110802
v -0.875282 2.138754 0.116802
v -0.875910 2.142996 0.115044
v -0.925016 2.089020 0.116802
v -0.931016 2.089907 0.110802
v -0.929259 2.089647 0.115044
v -0.899912 2.131308 0.116802
v -0.903090 2.136616 0.110802
v -0.902159 2.135061 0.115044
v -0.922878 2.116827 0.110802
v -0.917570 2.113649 0.116802
v -0.921323 2.115896 0.115044
v 0.000000 2.144754 0.110802
v 0.000000 2.138754 0.116802
v 0.000000 2.142996 0.115044
v 0.000000 0.698158 0.116802
v 0.000000 0.692158 0.110802
v 0.000000 0.693915 0.115044
v 0.931016 0.746059 0.006000
v 0.936535 0.746947 -0.000000
v 0.932633 0.746319 0.001757
v 0.876840 0.685991 -0.000000
v 0.877115 0.692158 0.006000
v 0.877035 0.690352 0.001757
v 0.928572 0.720043 -0.000000
v 0.923018 0.719603 0.006000
v 0.924645 0.719732 0.001757
v 0.903571 0.700156 0.006000
v 0.902356 0.693698 -0.000000
v 0.903215 0.698264 0.001757
v 0.876170 2.144754 0.006000
v 0.879957 2.150603 0.000000
v 0.877279 2.146467 0.001757
v 0.936332 2.094640 0.000000
v 0.931016 2.089907 0.006000
v 0.932573 2.091294 0.001757
v 0.907532 2.142286 0.000000
v 0.903090 2.136616 0.006000
v 0.904391 2.138276 0.001757
v 0.922878 2.116827 0.006000
v 0.927856 2.122088 0.000000
v 0.924336 2.118368 0.001757
v 0.925016 0.746946 0.116802
v 0.931016 0.746059 0.110802
v 0.929259 0.746319 0.115044
v 0.877115 0.692158 0.110802
v 0.876228 0.698158 0.116802
v 0.876855 0.693915 0.115044
v 0.923018 0.719603 0.110802
v 0.917711 0.722781 0.116802
v 0.921464 0.720534 0.115044
v 0.900393 0.705463 0.116802
v 0.903571 0.700156 0.110802
v 0.902640 0.701710 0.115044
v 0.875282 2.138754 0.116802
v 0.876170 2.144754 0.110802
v 0.875910 2.142996 0.115044
v 0.931016 2.089907 0.110802
v 0.925016 2.089020 0.116802
v 0.929259 2.089647 0.115044
v 0.903090 2.136616 0.110802
v 0.899912 2.131308 0.116802
v 0.902159 2.135061 0.115044
v 0.917570 2.113649 0.116802
v 0.922878 2.116827 0.110802
v 0.921323 2.115896 0.115044
vn -0.0000 -0.0000 -1.0000
vn -0.0000 -1.0000 -0.0000
vn 1.0000 -0.0000 -0.0000
vn -0.0000 1.0000 -0.0000
vn 0.2894 -0.9572 -0.0000
vn 0.2894 0.9572 -0.0000
vn 0.9572 -0.2894 -0.0000
vn 0.7071 0.7071 -0.0000
vn 0.7071 -0.7071 -0.0000
vn -1.0000 -0.0000 -0.0000
vn -0.7071 0.7071 -0.0000
vn -0.2894 -0.9572 -0.0000
vn -0.9572 -0.2894 -0.0000
vn -0.2894 0.9572 -0.0000
vn -0.7071 -0.7071 -0.0000
vn -0.9572 0.2894 -0.0000
vn 0.4187 0.1249 -0.8995
vn 0.9029 0.2721 -0.3326
vn 0.1135 0.3755 -0.9198
vn 0.2684 0.8881 -0.3732
vn 0.3979 0.3965 -0.8273
vn 0.6859 0.6852 -0.2451
vn -0.0000 0.3740 -0.9274
vn -0.0000 0.9202 -0.3915
vn 0.1005 -0.3328 -0.9376
vn 0.2625 -0.8687 -0.4200
vn 0.3468 -0.1063 -0.9319
vn 0.8759 -0.2656 -0.4028
vn 0.2304 -0.2313 -0.9452
vn 0.6330 -0.6336 -0.4449
vn 0.4169 -0.0000 -0.9089
vn 0.9366 -0.0000 -0.3503
vn -0.0000 -0.3909 -0.9204
vn -0.0000 -0.9272 -0.3746
vn 0.8844 0.2673 -0.3827
vn 0.3663 0.1107 -0.9239
vn 0.2673 0.8844 -0.3827
vn 0.1107 0.3663 -0.9239
vn 0.6533 0.6533 -0.3827
vn 0.2706 0.2706 -0.9239
vn -0.0000 0.9239 -0.3827
vn -0.0000 0.3827 -0.9239
vn 0.2673 -0.8844 -0.3827
vn 0.1107 -0.3663 -0.9239
vn 0.8844 -0.2673 -0.3827
vn 0.3663 -0.1107 -0.9239
vn 0.6533 -0.6533 -0.3827
vn 0.2706 -0.2706 -0.9239
vn 0.9239 -0.0000 -0.3827
vn 0.3827 -0.0000 -0.9239
vn -0.0000 -0.9239 -0.3827
vn -0.0000 -0.3827 -0.9239
vn -0.9029 0.2721 -0.3326
vn -0.4187 0.1249 -0.8995
vn -0.2684 0.8881 -0.3732
vn -0.1135 0.3755 -0.9198
vn -0.6859 0.6852 -0.2451
vn -0.3979 0.3965 -0.8273
vn -0.2625 -0.8687 -0.4200
vn -0.1005 -0.3328 -0.9376
vn -0.8759 -0.2656 -0.4028
vn -0.3468 -0.1063 -0.9319
vn -0.6330 -0.6336 -0.4449
vn -0.2304 -0.2313 -0.9452
vn -0.9366 -0.0000 -0.3503
vn -0.4169 -0.0000 -0.9089
vn -0.3663 0.1107 -0.9239
vn -0.8844 0.2673 -0.3827
vn -0.1107 0.3663 -0.9239
vn -0.2673 0.8844 -0.3827
vn -0.2706 0.2706 -0.9239
vn -0.6533 0.6533 -0.3827
vn -0.1107 -0.3663 -0.9239
vn -0.2673 -0.8844 -0.3827
vn -0.3663 -0.1107 -0.9239
vn -0.8844 -0.2673 -0.3827
vn -0.2706 -0.2706 -0.9239
vn -0.6533 -0.6533 -0.3827
vn -0.3827 -0.0000 -0.9239
vn -0.9239 -0.0000 -0.3827
vn 0.9572 0.2894 -0.0000
vt 0.013078 0.044341
vt 0.064310 0.047160
vt 0.500000 0.047160
vt 0.500000 0.044341
vt 0.061915 0.952840
vt 0.500000 0.952840
vt 0.034492 0.516803
vt 0.034492 0.935742
vt 0.000000 0.385655
vt 0.048822 0.481031
vt 0.049675 0.047160
vt 0.500000 0.499947
vt 0.061442 0.499894
vt 0.048822 0.483002
vt 0.061580 0.478179
vt 0.000000 0.164833
vt 0.038916 0.047160
vt 0.000000 0.119798
vt 0.034492 0.047160
vt 0.000000 0.069884
vt 0.048455 0.952840
vt 0.048214 0.502454
vt 0.038561 0.952840
vt 0.500000 0.957381
vt 0.036290 0.957381
vt 0.060022 0.953176
vt 0.500000 0.953176
vt 0.007249 0.043573
vt 0.049675 0.047160
vt 0.002519 0.042951
vt 0.038916 0.047160
vt 0.000000 0.042619
vt 0.038491 0.508548
vt 0.038491 0.508548
vt 0.000000 0.500000
vt 0.031732 0.515459
vt 0.035714 0.503806
vt 0.000000 0.442827
vt 0.000000 0.957381
vt 0.031834 0.937410
vt 0.046234 0.952996
vt 0.018478 0.954948
vt 0.061580 0.478179
vt 0.500000 0.478252
vt 0.005385 0.956672
vt 0.036072 0.953127
vt 0.031834 0.937410
vt 0.048822 0.498701
vt 0.046234 0.952996
vt 0.041145 0.509534
vt 0.049803 0.504105
vt 0.061886 0.501776
vt 0.500000 0.501818
vt 0.500000 0.950969
vt 0.062359 0.951357
vt 0.050044 0.951475
vt 0.041215 0.950043
vt 0.037492 0.936372
vt 0.037492 0.517077
vt 0.048822 0.481031
vt 0.037492 0.517077
vt 0.037492 0.936372
vt 0.041215 0.950043
vt 0.050044 0.951475
vt 0.062359 0.951357
vt 0.500000 0.950969
vt 0.500000 0.501818
vt 0.061886 0.501776
vt 0.049803 0.504105
vt 0.048822 0.483002
vt 0.048822 0.498701
vt 0.034492 0.516844
vt 0.038448 0.508637
vt 0.048427 0.502413
vt 0.061463 0.499894
vt 0.061780 0.952840
vt 0.038571 0.952840
vt 0.034555 0.936008
vt 0.034511 0.516805
vt 0.038537 0.508565
vt 0.048242 0.502482
vt 0.061445 0.499906
vt 0.061918 0.952840
vt 0.048483 0.952840
vt 0.038607 0.952706
vt 0.034511 0.935780
vt 0.038571 0.952840
vt 0.034511 0.516805
vt 0.038537 0.508565
vt 0.038607 0.952706
s 0
f 15/1/1 11/2/1 18/3/1 25/4/1
f 60/5/2 72/6/2 101/6/2 89/5/2
f 48/7/3 62/8/3 93/8/3 77/7/3
f 20/9/1 56/10/1 10/11/1
f 74/12/4 50/13/4 81/13/4 105/12/4
f 56/14/1 51/15/1 8/2/1 10/11/1
f 20/16/1 10/11/1 9/17/1 19/18/1
f 19/18/1 9/17/1 7/19/1 21/20/1
f 65/21/5 60/5/5 89/5/5 96/21/5
f 50/13/6 57/22/6 86/22/6 81/13/6
f 62/8/7 69/23/7 98/23/7 93/8/7
f 24/24/1 28/25/1 120/26/1 71/27/1
f 24/24/1 71/27/1 59/26/1 3/25/1
f 17/28/1 13/29/1 11/2/1 15/1/1
f 16/30/1 14/31/1 13/29/1 17/28/1
f 6/32/1 12/19/1 14/31/1 16/30/1
f 21/20/1 7/19/1 12/19/1 6/32/1
f 57/22/8 53/33/8 84/34/8 86/22/8
f 1/35/1 47/36/1 54/37/1 23/38/1
f 2/39/1 63/40/1 47/36/1 1/35/1
f 3/25/1 59/26/1 66/41/1 5/42/1
f 51/43/1 75/44/1 22/3/1 8/2/1
f 4/45/1 68/46/1 63/47/1 2/39/1
f 69/23/9 65/21/9 96/21/9 98/23/9
f 23/38/1 54/37/1 56/48/1 20/9/1
f 5/42/1 66/49/1 68/46/1 4/45/1
f 138/50/1 140/51/1 135/52/1 104/53/1 102/54/1 143/55/1 150/56/1 152/57/1 147/58/1 131/59/1
f 40/1/1 25/4/1 18/3/1 36/2/1
f 119/5/2 144/5/2 101/6/2 72/6/2
f 107/7/10 132/7/10 146/8/10 123/8/10
f 44/9/1 35/11/1 117/60/1
f 116/22/11 141/22/11 137/33/11 114/34/11
f 74/12/4 105/12/4 134/13/4 111/13/4
f 44/16/1 43/18/1 34/17/1 35/11/1
f 43/18/1 45/20/1 32/19/1 34/17/1
f 126/21/12 149/21/12 144/5/12 119/5/12
f 26/35/1 46/38/1 113/37/1 108/36/1
f 123/8/13 146/8/13 153/23/13 128/23/13
f 29/45/1 27/39/1 122/40/1 129/46/1
f 42/28/1 40/1/1 36/2/1 38/29/1
f 41/30/1 42/28/1 38/29/1 39/31/1
f 31/32/1 41/30/1 39/31/1 37/19/1
f 45/20/1 31/32/1 37/19/1 32/19/1
f 83/50/1 78/61/1 92/62/1 99/63/1 95/64/1 90/65/1 102/66/1 104/67/1 80/68/1 87/69/1
f 27/39/1 26/35/1 108/36/1 122/47/1
f 111/13/14 134/13/14 141/22/14 116/22/14
f 28/25/1 30/42/1 125/49/1 120/26/1
f 117/70/1 35/11/1 33/2/1 110/43/1
f 110/15/1 33/2/1 22/3/1 75/44/1
f 128/23/15 153/23/15 149/21/15 126/21/15
f 46/38/1 44/9/1 117/71/1 113/37/1
f 30/42/1 29/45/1 129/46/1 125/41/1
f 114/33/16 137/33/16 132/7/16 107/7/16
f 54/37/17 47/36/17 49/72/17 55/73/17
f 55/73/18 49/72/18 48/7/18 53/33/18
f 51/15/19 56/14/19 58/74/19 52/75/19
f 52/75/20 58/74/20 57/22/20 50/13/20
f 56/48/21 54/37/21 55/73/21 58/74/21
f 58/74/22 55/73/22 53/33/22 57/22/22
f 75/44/23 51/43/23 52/75/23 76/12/23
f 76/12/24 52/75/24 50/13/24 74/12/24
f 66/41/25 59/26/25 61/76/25 67/21/25
f 67/21/26 61/76/26 60/5/26 65/21/26
f 63/47/27 68/46/27 70/77/27 64/78/27
f 64/78/28 70/77/28 69/23/28 62/8/28
f 68/46/29 66/49/29 67/21/29 70/77/29
f 70/77/30 67/21/30 65/21/30 69/23/30
f 47/36/31 63/40/31 64/78/31 49/72/31
f 49/72/32 64/78/32 62/8/32 48/7/32
f 59/26/33 71/27/33 73/6/33 61/76/33
f 61/76/34 73/6/34 72/6/34 60/5/34
f 84/33/35 77/7/35 79/79/35 85/80/35
f 85/80/36 79/79/36 78/61/36 83/50/36
f 81/13/37 86/22/37 88/81/37 82/82/37
f 82/82/38 88/81/38 87/69/38 80/68/38
f 86/22/39 84/34/39 85/80/39 88/81/39
f 88/81/40 85/80/40 83/50/40 87/69/40
f 105/12/41 81/13/41 82/82/41 106/12/41
f 106/12/42 82/82/42 80/68/42 104/67/42
f 96/21/43 89/5/43 91/83/43 97/84/43
f 97/84/44 91/83/44 90/65/44 95/64/44
f 93/8/45 98/23/45 100/85/45 94/86/45
f 94/86/46 100/85/46 99/63/46 92/62/46
f 98/23/47 96/21/47 97/84/47 100/85/47
f 100/85/48 97/84/48 95/64/48 99/63/48
f 77/7/49 93/8/49 94/86/49 79/79/49
f 79/79/50 94/86/50 92/62/50 78/61/50
f 89/5/51 101/6/51 103/6/51 91/83/51
f 91/83/52 103/6/52 102/66/52 90/65/52
f 114/33/53 107/7/53 109/72/53 115/73/53
f 115/73/54 109/72/54 108/36/54 113/37/54
f 111/13/55 116/22/55 118/74/55 112/75/55
f 112/75/56 118/74/56 117/70/56 110/43/56
f 116/22/57 114/34/57 115/73/57 118/74/57
f 118/74/58 115/73/58 113/37/58 117/71/58
f 74/12/24 111/13/24 112/75/24 76/12/24
f 76/12/23 112/75/23 110/15/23 75/44/23
f 126/21/59 119/5/59 121/76/59 127/21/59
f 127/21/60 121/76/60 120/26/60 125/49/60
f 123/8/61 128/23/61 130/87/61 124/78/61
f 124/78/62 130/87/62 129/46/62 122/40/62
f 128/23/63 126/21/63 127/21/63 130/87/63
f 130/87/64 127/21/64 125/41/64 129/46/64
f 107/7/65 123/8/65 124/78/65 109/72/65
f 109/72/66 124/78/66 122/47/66 108/36/66
f 119/5/34 72/6/34 73/6/34 121/76/34
f 121/76/33 73/6/33 71/27/33 120/26/33
f 138/50/67 131/59/67 133/88/67 139/89/67
f 139/89/68 133/88/68 132/7/68 137/33/68
f 135/52/69 140/51/69 142/81/69 136/82/69
f 136/82/70 142/81/70 141/22/70 134/13/70
f 140/51/71 138/50/71 139/89/71 142/81/71
f 142/81/72 139/89/72 137/33/72 141/22/72
f 104/53/42 135/52/42 136/82/42 106/12/42
f 106/12/41 136/82/41 134/13/41 105/12/41
f 150/56/73 143/55/73 145/83/73 151/84/73
f 151/84/74 145/83/74 144/5/74 149/21/74
f 147/58/75 152/57/75 154/90/75 148/86/75
f 148/86/76 154/90/76 153/23/76 146/8/76
f 152/57/77 150/56/77 151/84/77 154/90/77
f 154/90/78 151/84/78 149/21/78 153/23/78
f 131/59/79 147/58/79 148/86/79 133/88/79
f 133/88/80 148/86/80 146/8/80 132/7/80
f 143/55/52 102/54/52 103/6/52 145/83/52
f 145/83/51 103/6/51 101/6/51 144/5/51
f 53/33/81 48/7/81 77/7/81 84/33/81
g Plane.001_Plane.001
v 0.626380 2.567963 -0.158260
v 0.857656 2.567963 -0.158260
v 0.626346 2.049766 -0.158260
v 0.857100 2.048743 -0.158260
v 1.304777 2.307092 -0.158260
v 1.420415 2.106801 -0.158260
v 0.969888 1.847975 -0.158260
v 1.418054 1.589148 -0.158260
v 1.302415 1.388857 -0.158260
v 0.853002 1.649611 -0.158260
v 0.852934 1.132075 -0.158260
v 0.621658 1.132075 -0.158260
v 0.622771 1.651656 -0.158260
v 0.174538 1.392947 -0.158260
v 0.058900 1.593238 -0.158260
v 0.509426 1.852064 -0.158260
v 0.061261 2.110891 -0.158260
v 0.176899 2.311182 -0.158260
v 0.655045 1.850740 -0.158260
v 0.696731 1.777033 -0.158260
v 0.781405 1.776281 -0.158260
v 0.824394 1.849236 -0.158260
v 0.782913 1.923074 -0.158260
v 0.698046 1.923450 -0.158260
v 0.626380 2.567963 -0.141281
v 0.857656 2.567963 -0.141281
v 0.626346 2.049766 -0.141281
v 0.857100 2.048743 -0.141281
v 1.304777 2.307092 -0.141281
v 1.420415 2.106801 -0.141281
v 0.969888 1.847975 -0.141281
v 1.418054 1.589148 -0.141281
v 1.302415 1.388857 -0.141281
v 0.853002 1.649611 -0.141281
v 0.852934 1.132075 -0.141281
v 0.621658 1.132075 -0.141281
v 0.622771 1.651656 -0.141281
v 0.174538 1.392947 -0.141281
v 0.058900 1.593238 -0.141281
v 0.509426 1.852064 -0.141281
v 0.061261 2.110891 -0.141281
v 0.176899 2.311182 -0.141281
v 0.655045 1.850740 -0.141281
v 0.696731 1.777033 -0.141281
v 0.781405 1.776281 -0.141281
v 0.824394 1.849236 -0.141281
v 0.782913 1.923074 -0.141281
v 0.698046 1.923450 -0.141281
vn -0.0000 -0.0000 -1.0000
vn -0.0000 -0.0000 1.0000
vn 1.0000 -0.0011 -0.0000
vn -0.0000 1.0000 -0.0000
vn -1.0000 0.0001 -0.0000
vn 0.4981 -0.8671 -0.0000
vn 0.8660 0.5000 -0.0000
vn -0.5019 -0.8650 -0.0000
vn 0.8660 -0.5000 -0.0000
vn 1.0000 -0.0001 -0.0000
vn -1.0000 0.0021 -0.0000
vn -0.0000 -1.0000 -0.0000
vn 0.4999 -0.8661 -0.0000
vn -0.4981 0.8671 -0.0000
vn -0.8660 -0.5000 -0.0000
vn -0.5001 -0.8660 -0.0000
vn 0.8607 -0.5090 -0.0000
vn -0.8660 0.5000 -0.0000
vn 0.5001 0.8660 -0.0000
vn -0.4998 0.8661 -0.0000
vn 0.5028 0.8644 -0.0000
vn 0.8704 0.4923 -0.0000
vn 0.0089 1.0000 -0.0000
vn -0.8616 0.5077 -0.0000
vn -0.8718 -0.4898 -0.0000
vn -0.0044 -1.0000 -0.0000
vt 0.000000 0.000000
s 0
f 164/91/82 161/91/82 162/91/82 163/91/82
f 173/91/82 170/91/82 157/91/82 178/91/82
f 177/91/82 178/91/82 157/91/82 158/91/82
f 176/91/82 177/91/82 158/91/82 161/91/82
f 175/91/82 176/91/82 161/91/82 164/91/82
f 174/91/82 175/91/82 164/91/82 167/91/82
f 173/91/82 174/91/82 167/91/82 170/91/82
f 165/91/82 166/91/82 167/91/82 164/91/82
f 168/91/82 169/91/82 170/91/82 167/91/82
f 171/91/82 172/91/82 157/91/82 170/91/82
f 158/91/82 157/91/82 155/91/82 156/91/82
f 161/91/82 158/91/82 159/91/82 160/91/82
f 188/91/83 187/91/83 186/91/83 185/91/83
f 197/91/83 202/91/83 181/91/83 194/91/83
f 201/91/83 182/91/83 181/91/83 202/91/83
f 200/91/83 185/91/83 182/91/83 201/91/83
f 199/91/83 188/91/83 185/91/83 200/91/83
f 198/91/83 191/91/83 188/91/83 199/91/83
f 197/91/83 194/91/83 191/91/83 198/91/83
f 189/91/83 188/91/83 191/91/83 190/91/83
f 192/91/83 191/91/83 194/91/83 193/91/83
f 195/91/83 194/91/83 181/91/83 196/91/83
f 182/91/83 180/91/83 179/91/83 181/91/83
f 185/91/83 184/91/83 183/91/83 182/91/83
f 158/91/84 156/91/84 180/91/84 182/91/84
f 156/91/85 155/91/85 179/91/85 180/91/85
f 155/91/86 157/91/86 181/91/86 179/91/86
f 161/91/87 160/91/87 184/91/87 185/91/87
f 160/91/88 159/91/88 183/91/88 184/91/88
f 164/91/89 163/91/89 187/91/89 188/91/89
f 163/91/90 162/91/90 186/91/90 187/91/90
f 165/91/91 164/91/91 188/91/91 189/91/91
f 167/91/92 166/91/92 190/91/92 191/91/92
f 166/91/93 165/91/93 189/91/93 190/91/93
f 168/91/94 167/91/94 191/91/94 192/91/94
f 170/91/95 169/91/95 193/91/95 194/91/95
f 169/91/96 168/91/96 192/91/96 193/91/96
f 171/91/97 170/91/97 194/91/97 195/91/97
f 173/91/98 178/91/98 202/91/98 197/91/98
f 172/91/99 171/91/99 195/91/99 196/91/99
f 162/91/100 161/91/100 185/91/100 186/91/100
f 159/91/101 158/91/101 182/91/101 183/91/101
f 157/91/102 172/91/102 196/91/102 181/91/102
f 174/91/103 173/91/103 197/91/103 198/91/103
f 175/91/104 174/91/104 198/91/104 199/91/104
f 176/91/105 175/91/105 199/91/105 200/91/105
f 177/91/106 176/91/106 200/91/106 201/91/106
f 178/91/107 177/91/107 201/91/107 202/91/107
g Plane.002_Plane.002
v 0.832727 1.987861 -0.085774
v 0.889195 1.930885 -0.085774
v 0.860963 1.980044 -0.085774
v 0.881631 1.959189 -0.085774
v 0.832653 0.878211 -0.085774
v 0.889132 0.934686 -0.085774
v 0.860891 0.885778 -0.085774
v 0.881564 0.906449 -0.085774
v 0.647455 0.878212 -0.085774
v 0.591040 0.934686 -0.085774
v 0.619226 0.885778 -0.085774
v 0.598576 0.906449 -0.085774
v 0.648620 1.989003 -0.085774
v 0.592089 1.933030 -0.085774
v 0.620376 1.981688 -0.085774
v 0.599684 1.961200 -0.085774
v 0.832727 1.987861 0.109437
v 0.889195 1.930885 0.109437
v 0.860963 1.980044 0.109437
v 0.881631 1.959189 0.109437
v 0.832653 0.878211 0.109437
v 0.889132 0.934686 0.109437
v 0.860891 0.885778 0.109437
v 0.881564 0.906449 0.109437
v 0.647455 0.878212 0.109437
v 0.591040 0.934686 0.109437
v 0.619226 0.885778 0.109437
v 0.598576 0.906449 0.109437
v 0.648620 1.989003 0.109437
v 0.592089 1.933030 0.109437
v 0.620376 1.981688 0.109437
v 0.599684 1.961200 0.109437
v 0.834567 2.001096 -0.085774
v 0.902445 1.932624 -0.085774
v 0.867718 1.991574 -0.085774
v 0.893221 1.965841 -0.085774
v 0.834398 0.864963 -0.085774
v 0.902380 0.932941 -0.085774
v 0.867572 0.874205 -0.085774
v 0.893136 0.899767 -0.085774
v 0.645710 0.864963 -0.085774
v 0.577790 0.932955 -0.085774
v 0.612541 0.874207 -0.085774
v 0.586999 0.899776 -0.085774
v 0.646973 2.002264 -0.085774
v 0.578843 1.934792 -0.085774
v 0.613772 1.993305 -0.085774
v 0.588134 1.967920 -0.085774
v 0.834078 1.997581 0.118506
v 0.898923 1.932162 0.118509
v 0.866075 1.988770 0.118171
v 0.890403 1.964224 0.118171
v 0.833934 0.868484 0.118509
v 0.898859 0.933405 0.118509
v 0.865950 0.877015 0.118166
v 0.890326 0.901389 0.118166
v 0.646174 0.868484 0.118509
v 0.581311 0.933415 0.118509
v 0.614164 0.877017 0.118165
v 0.589810 0.901396 0.118165
v 0.647411 1.998737 0.118512
v 0.582362 1.934324 0.118508
v 0.615374 1.990487 0.118162
v 0.590936 1.966290 0.118162
vn -0.0000 -0.0000 -1.0000
vn 0.2589 0.9659 -0.0000
vn -0.2668 -0.9637 -0.0000
vn 0.7075 0.7067 -0.0000
vn -0.7103 -0.7039 -0.0000
vn 0.9662 0.2579 -0.0000
vn -1.0000 0.0001 -0.0000
vn -0.9661 -0.2582 -0.0000
vn 1.0000 -0.0011 -0.0000
vn -0.9659 0.2589 -0.0000
vn 0.9655 -0.2603 -0.0000
vn -0.7071 0.7071 -0.0000
vn 0.7036 -0.7106 -0.0000
vn -0.2588 0.9659 -0.0000
vn 0.2507 -0.9681 -0.0000
vn -0.0000 1.0000 -0.0000
vn -0.0062 -1.0000 -0.0000
vn -0.0000 -0.0000 1.0000
vn -0.2632 -0.9646 0.0163
vn 0.2709 0.9625 0.0163
vn -0.7074 -0.7067 0.0154
vn 0.7102 0.7039 0.0154
vn -0.9649 -0.2622 0.0163
vn 0.9999 -0.0001 0.0172
vn 0.9648 0.2623 0.0163
vn -0.9999 0.0011 0.0172
vn 0.9646 -0.2631 0.0163
vn -0.9642 0.2647 0.0163
vn 0.7070 -0.7070 0.0154
vn -0.7035 0.7105 0.0153
vn 0.2631 -0.9646 0.0163
vn -0.2551 0.9668 0.0163
vn -0.0000 -0.9999 0.0172
vn 0.0062 0.9998 0.0172
vt 0.000000 0.000000
s 0
f 224/92/108 226/92/108 225/92/108 223/92/108 227/92/108 229/92/108 230/92/108 228/92/108 232/92/108 234/92/108 233/92/108 231/92/108 219/92/108 221/92/108 222/92/108 220/92/108
f 211/92/109 213/92/109 229/92/109 227/92/109
f 203/92/110 205/92/110 221/92/110 219/92/110
f 213/92/111 214/92/111 230/92/111 229/92/111
f 205/92/112 206/92/112 222/92/112 221/92/112
f 214/92/113 212/92/113 228/92/113 230/92/113
f 204/92/114 208/92/114 224/92/114 220/92/114
f 206/92/115 204/92/115 220/92/115 222/92/115
f 212/92/116 216/92/116 232/92/116 228/92/116
f 208/92/117 210/92/117 226/92/117 224/92/117
f 216/92/118 218/92/118 234/92/118 232/92/118
f 210/92/119 209/92/119 225/92/119 226/92/119
f 218/92/120 217/92/120 233/92/120 234/92/120
f 209/92/121 207/92/121 223/92/121 225/92/121
f 217/92/122 215/92/122 231/92/122 233/92/122
f 207/92/123 211/92/123 227/92/123 223/92/123
f 215/92/124 203/92/124 219/92/124 231/92/124
f 256/92/125 252/92/125 254/92/125 253/92/125 251/92/125 263/92/125 265/92/125 266/92/125 264/92/125 260/92/125 262/92/125 261/92/125 259/92/125 255/92/125 257/92/125 258/92/125
f 243/92/126 259/92/126 261/92/126 245/92/126
f 235/92/127 251/92/127 253/92/127 237/92/127
f 245/92/128 261/92/128 262/92/128 246/92/128
f 237/92/129 253/92/129 254/92/129 238/92/129
f 246/92/130 262/92/130 260/92/130 244/92/130
f 236/92/131 252/92/131 256/92/131 240/92/131
f 238/92/132 254/92/132 252/92/132 236/92/132
f 244/92/133 260/92/133 264/92/133 248/92/133
f 240/92/134 256/92/134 258/92/134 242/92/134
f 248/92/135 264/92/135 266/92/135 250/92/135
f 242/92/136 258/92/136 257/92/136 241/92/136
f 250/92/137 266/92/137 265/92/137 249/92/137
f 241/92/138 257/92/138 255/92/138 239/92/138
f 249/92/139 265/92/139 263/92/139 247/92/139
f 239/92/140 255/92/140 259/92/140 243/92/140
f 247/92/141 263/92/141 251/92/141 235/92/141
f 208/92/108 204/92/108 236/92/108 240/92/108
f 210/92/108 208/92/108 240/92/108 242/92/108
f 209/92/108 210/92/108 242/92/108 241/92/108
f 207/92/108 209/92/108 241/92/108 239/92/108
f 211/92/108 207/92/108 239/92/108 243/92/108
f 213/92/108 211/92/108 243/92/108 245/92/108
f 214/92/108 213/92/108 245/92/108 246/92/108
f 212/92/108 214/92/108 246/92/108 244/92/108
f 216/92/108 212/92/108 244/92/108 248/92/108
f 218/92/108 216/92/108 248/92/108 250/92/108
f 217/92/108 218/92/108 250/92/108 249/92/108
f 215/92/108 217/92/108 249/92/108 247/92/108
f 203/92/108 215/92/108 247/92/108 235/92/108
f 205/92/108 203/92/108 235/92/108 237/92/108
f 206/92/108 205/92/108 237/92/108 238/92/108
f 204/92/108 206/92/108 238/92/108 236/92/108
g Bolt.002_Bolt.001
v 0.817806 0.895093 -0.016211
v 0.810545 0.887062 -0.016441
v 0.807306 0.876883 -0.018229
v 0.808734 0.866573 -0.021221
v 0.814543 0.858174 -0.024824
v 0.823584 0.853348 -0.028325
v 0.834067 0.853053 -0.031030
v 0.843914 0.857346 -0.032403
v 0.851176 0.865377 -0.032173
v 0.854414 0.875555 -0.030384
v 0.852987 0.885865 -0.027393
v 0.847178 0.894265 -0.023790
v 0.838136 0.899090 -0.020289
v 0.827654 0.899386 -0.017584
v 0.750924 1.863655 -0.114318
v 0.751622 1.871889 -0.107318
v 0.750906 1.876458 -0.097526
v 0.748915 1.876458 -0.086880
v 0.746047 1.871889 -0.077490
v 0.742867 1.863655 -0.071215
v 0.740006 1.853387 -0.069298
v 0.738031 1.843119 -0.072119
v 0.737333 1.834885 -0.079119
v 0.738050 1.830315 -0.088911
v 0.740040 1.830315 -0.099557
v 0.742909 1.834885 -0.108947
v 0.746089 1.843119 -0.115222
v 0.748949 1.853387 -0.117139
v 0.750924 1.863655 -0.114318
v 0.751622 1.871889 -0.107318
v 0.750906 1.876458 -0.097526
v 0.748915 1.876458 -0.086880
v 0.746047 1.871889 -0.077490
v 0.742867 1.863655 -0.071215
v 0.740006 1.853387 -0.069298
v 0.738031 1.843119 -0.072119
v 0.737333 1.834885 -0.079119
v 0.738050 1.830315 -0.088911
v 0.740040 1.830315 -0.099557
v 0.742909 1.834885 -0.108947
v 0.746089 1.843119 -0.115222
v 0.748949 1.853387 -0.117139
v 0.787384 1.854737 -0.107136
v 0.787013 1.863241 -0.100441
v 0.784695 1.868214 -0.091104
v 0.780891 1.868672 -0.080975
v 0.776353 1.864524 -0.072059
v 0.771980 1.856591 -0.066124
v 0.768639 1.846444 -0.064344
v 0.766991 1.836094 -0.067072
v 0.767362 1.827590 -0.073767
v 0.769679 1.822617 -0.083104
v 0.773484 1.822159 -0.093233
v 0.778022 1.826307 -0.102149
v 0.782395 1.834240 -0.108084
v 0.785736 1.844387 -0.109864
v 0.822384 1.844810 -0.085465
v 0.820249 1.853828 -0.079862
v 0.815189 1.859601 -0.072223
v 0.808206 1.860986 -0.064062
v 0.800683 1.857708 -0.056995
v 0.794110 1.850416 -0.052422
v 0.789788 1.840555 -0.051249
v 0.788575 1.830078 -0.053707
v 0.790709 1.821060 -0.059311
v 0.795769 1.815287 -0.066950
v 0.802753 1.813903 -0.075111
v 0.810276 1.817181 -0.082178
v 0.816849 1.824472 -0.086751
v 0.821170 1.834333 -0.087924
v 0.847332 1.834825 -0.052429
v 0.844119 1.844287 -0.048253
v 0.837225 1.850814 -0.043043
v 0.828015 1.853115 -0.037831
v 0.818313 1.850733 -0.033649
v 0.810042 1.844141 -0.031325
v 0.804838 1.834643 -0.031319
v 0.803734 1.824121 -0.033634
v 0.806947 1.814659 -0.037809
v 0.813841 1.808131 -0.043020
v 0.823051 1.805831 -0.048232
v 0.832752 1.808213 -0.052414
v 0.841024 1.814805 -0.054738
v 0.846227 1.824303 -0.054743
v 0.858707 1.824798 -0.012449
v 0.855086 1.834630 -0.009707
v 0.847415 1.841861 -0.007227
v 0.837214 1.845060 -0.005498
v 0.826503 1.843592 -0.004865
v 0.817403 1.837750 -0.005452
v 0.811717 1.828689 -0.007142
v 0.810571 1.818205 -0.009602
v 0.814192 1.808373 -0.012344
v 0.821863 1.801142 -0.014824
v 0.832064 1.797943 -0.016553
v 0.842776 1.799410 -0.017186
v 0.851875 1.805253 -0.016599
v 0.857561 1.814314 -0.014909
v 0.854862 1.814745 0.029044
v 0.851350 1.824870 0.030610
v 0.843920 1.832748 0.030492
v 0.834044 1.836820 0.028714
v 0.823677 1.836279 0.025627
v 0.814874 1.831232 0.021844
v 0.809377 1.822680 0.018113
v 0.808275 1.812315 0.015173
v 0.811787 1.802191 0.013607
v 0.819218 1.794312 0.013725
v 0.829094 1.790241 0.015504
v 0.839460 1.790781 0.018590
v 0.848264 1.795828 0.022374
v 0.853761 1.804381 0.026105
v 0.836271 1.804683 0.066381
v 0.833143 1.815021 0.067176
v 0.826765 1.823485 0.064944
v 0.818401 1.828398 0.060128
v 0.809708 1.828787 0.053682
v 0.802406 1.824576 0.046882
v 0.797943 1.816598 0.041075
v 0.797202 1.806434 0.037412
v 0.800330 1.796096 0.036617
v 0.806708 1.787633 0.038849
v 0.815071 1.782720 0.043664
v 0.823765 1.782330 0.050111
v 0.831067 1.786541 0.056910
v 0.835530 1.794519 0.062717
v 0.805468 1.794628 0.094462
v 0.802735 1.805099 0.094896
v 0.797905 1.814081 0.091253
v 0.791935 1.819797 0.084256
v 0.786005 1.821114 0.075290
v 0.781292 1.817772 0.066130
v 0.778729 1.810431 0.058592
v 0.778822 1.800547 0.054167
v 0.781555 1.790076 0.053733
v 0.786385 1.781093 0.057375
v 0.792356 1.775378 0.064373
v 0.798285 1.774061 0.073339
v 0.802998 1.777403 0.082499
v 0.805562 1.784744 0.090037
v 0.766688 1.784596 0.109485
v 0.764147 1.795117 0.109845
v 0.761005 1.804549 0.105549
v 0.757886 1.811023 0.097447
v 0.755406 1.813257 0.087144
v 0.754057 1.810809 0.076681
v 0.754106 1.804163 0.068130
v 0.755544 1.794636 0.063185
v 0.758085 1.784115 0.062825
v 0.761227 1.774683 0.067122
v 0.764346 1.768209 0.075224
v 0.766826 1.765975 0.085526
v 0.768175 1.768423 0.095989
v 0.768126 1.775069 0.104540
v 0.725258 1.774603 0.109485
v 0.722590 1.785093 0.109845
v 0.720962 1.794900 0.105549
v 0.720696 1.802081 0.097447
v 0.721845 1.805215 0.087144
v 0.724181 1.803681 0.076681
v 0.727242 1.797781 0.068130
v 0.730421 1.788686 0.063185
v 0.733089 1.778196 0.062825
v 0.734718 1.768389 0.067122
v 0.734984 1.761208 0.075224
v 0.733835 1.758074 0.085526
v 0.731498 1.759609 0.095989
v 0.728437 1.765508 0.104540
v 0.686833 1.764665 0.094599
v 0.683738 1.775042 0.094794
v 0.683233 1.785147 0.090932
v 0.685416 1.792980 0.083779
v 0.689857 1.796989 0.074752
v 0.695675 1.796380 0.065638
v 0.701717 1.791273 0.058242
v 0.706788 1.782681 0.054030
v 0.709883 1.772305 0.053835
v 0.710389 1.762199 0.057697
v 0.708205 1.754367 0.064849
v 0.703764 1.750358 0.073877
v 0.697947 1.750967 0.082991
v 0.691904 1.756073 0.090387
v 0.656590 1.754798 0.067029
v 0.652915 1.764980 0.066695
v 0.653064 1.775305 0.063430
v 0.657006 1.783728 0.057880
v 0.663962 1.788580 0.051145
v 0.672553 1.788902 0.044560
v 0.681078 1.784628 0.039427
v 0.687849 1.776606 0.036764
v 0.691523 1.766424 0.037098
v 0.691375 1.756099 0.040363
v 0.687432 1.747676 0.045913
v 0.680477 1.742824 0.052647
v 0.671885 1.742502 0.059233
v 0.663360 1.746776 0.064366
v 0.638502 1.745016 0.030703
v 0.634334 1.754924 0.029379
v 0.634732 1.765387 0.026615
v 0.639617 1.774334 0.022958
v 0.648021 1.779993 0.019133
v 0.658281 1.781242 0.015897
v 0.668363 1.777834 0.013892
v 0.676271 1.770445 0.013514
v 0.680439 1.760538 0.014838
v 0.680042 1.750074 0.017603
v 0.675157 1.741127 0.021260
v 0.666752 1.735469 0.025085
v 0.656493 1.734219 0.028320
v 0.646410 1.737627 0.030326
v 0.634795 1.735333 -0.009304
v 0.630496 1.744889 -0.012041
v 0.630915 1.755410 -0.014577
v 0.635969 1.764811 -0.016409
v 0.644657 1.771231 -0.017176
v 0.655258 1.773398 -0.016724
v 0.665673 1.770884 -0.015143
v 0.673838 1.764185 -0.012747
v 0.678137 1.754629 -0.010010
v 0.677718 1.744109 -0.007474
v 0.672664 1.734708 -0.005642
v 0.663976 1.728288 -0.004875
v 0.653375 1.726120 -0.005327
v 0.642960 1.728635 -0.006908
v 0.645666 1.725764 -0.047511
v 0.641838 1.734893 -0.051902
v 0.642285 1.745388 -0.054537
v 0.646918 1.755170 -0.054893
v 0.654821 1.762301 -0.052899
v 0.664428 1.765370 -0.048951
v 0.673835 1.763768 -0.043831
v 0.681180 1.757812 -0.038552
v 0.685008 1.748683 -0.034160
v 0.684561 1.738188 -0.031526
v 0.679927 1.728406 -0.031170
v 0.672025 1.721274 -0.033164
v 0.662418 1.718206 -0.037112
v 0.653011 1.719808 -0.042232
v 0.669300 1.716319 -0.078808
v 0.666682 1.724951 -0.084802
v 0.667390 1.735338 -0.087782
v 0.671285 1.745424 -0.087159
v 0.677594 1.753211 -0.083055
v 0.685068 1.757157 -0.076283
v 0.692227 1.756480 -0.068186
v 0.697653 1.751314 -0.060365
v 0.700271 1.742683 -0.054371
v 0.699562 1.732295 -0.051390
v 0.695668 1.722209 -0.052014
v 0.689359 1.714422 -0.056118
v 0.681885 1.710476 -0.062889
v 0.674726 1.711153 -0.070987
v 0.702174 1.707011 -0.099163
v 0.701495 1.715078 -0.106357
v 0.702851 1.725276 -0.109738
v 0.705973 1.735588 -0.108637
v 0.710242 1.743970 -0.103270
v 0.714814 1.748762 -0.094701
v 0.718783 1.749015 -0.084628
v 0.721362 1.744679 -0.075045
v 0.722041 1.736613 -0.067851
v 0.720686 1.726414 -0.064469
v 0.717564 1.716103 -0.065571
v 0.713294 1.707721 -0.070938
v 0.708722 1.702929 -0.079506
v 0.704754 1.702676 -0.089580
v 0.739598 1.697851 -0.106158
v 0.741411 1.705289 -0.113819
v 0.743831 1.715219 -0.117399
v 0.746379 1.725675 -0.116190
v 0.748551 1.734586 -0.110431
v 0.749916 1.740187 -0.101263
v 0.750203 1.741369 -0.090502
v 0.749357 1.737897 -0.080278
v 0.747545 1.730459 -0.072618
v 0.745125 1.720529 -0.069038
v 0.742577 1.710073 -0.070247
v 0.740405 1.701162 -0.076006
v 0.739040 1.695561 -0.085174
v 0.738752 1.694379 -0.095935
v 0.776401 1.688847 -0.099279
v 0.780936 1.695598 -0.106430
v 0.784728 1.705183 -0.109754
v 0.787027 1.715702 -0.108591
v 0.787377 1.725072 -0.103173
v 0.785709 1.731438 -0.094572
v 0.782353 1.733539 -0.084492
v 0.777974 1.730958 -0.074929
v 0.773439 1.724207 -0.067778
v 0.769646 1.714622 -0.064454
v 0.767348 1.704103 -0.065617
v 0.766998 1.694733 -0.071035
v 0.768666 1.688367 -0.079636
v 0.772022 1.686267 -0.089716
v 0.807669 1.680008 -0.079919
v 0.814740 1.686020 -0.085500
v 0.819976 1.695183 -0.087929
v 0.822341 1.705683 -0.086726
v 0.821367 1.715439 -0.082128
v 0.817246 1.722520 -0.075045
v 0.810794 1.725524 -0.066882
v 0.803290 1.723854 -0.059254
v 0.796219 1.717842 -0.053673
v 0.790983 1.708679 -0.051243
v 0.788617 1.698180 -0.052447
v 0.789592 1.688423 -0.057045
v 0.793713 1.681342 -0.064127
v 0.800165 1.678339 -0.072291
v 0.829415 1.671341 -0.051122
v 0.838397 1.676566 -0.054172
v 0.844831 1.685236 -0.055016
v 0.847443 1.695634 -0.053486
v 0.845716 1.705701 -0.049885
v 0.839990 1.713442 -0.044927
v 0.831402 1.717324 -0.039593
v 0.821651 1.716579 -0.034940
v 0.812668 1.711354 -0.031890
v 0.806234 1.702683 -0.031047
v 0.803622 1.692285 -0.032577
v 0.805350 1.682219 -0.036178
v 0.811075 1.674478 -0.041136
v 0.819664 1.670595 -0.046470
v 0.839095 1.662850 -0.017101
v 0.848990 1.667248 -0.016942
v 0.856043 1.675358 -0.015611
v 0.858857 1.685573 -0.013371
v 0.856874 1.695871 -0.010667
v 0.850487 1.704211 -0.008034
v 0.840962 1.708942 -0.005994
v 0.830184 1.709127 -0.004950
v 0.820288 1.704729 -0.005109
v 0.813235 1.696619 -0.006440
v 0.810422 1.686404 -0.008680
v 0.812405 1.676106 -0.011384
v 0.818791 1.667766 -0.014017
v 0.828317 1.663035 -0.016057
v 0.835898 1.654540 0.017392
v 0.845473 1.658076 0.021012
v 0.852294 1.665562 0.024850
v 0.855010 1.675515 0.028144
v 0.853083 1.685963 0.030243
v 0.846895 1.694838 0.030731
v 0.837672 1.700381 0.029511
v 0.827239 1.701494 0.026825
v 0.817665 1.697958 0.023205
v 0.810844 1.690472 0.019368
v 0.808128 1.680520 0.016073
v 0.810055 1.670071 0.013974
v 0.816243 1.661197 0.013486
v 0.825466 1.655654 0.014706
v 0.820788 1.646414 0.047739
v 0.828763 1.649061 0.054570
v 0.834357 1.655864 0.060872
v 0.836461 1.665476 0.065396
v 0.834658 1.675993 0.067246
v 0.829305 1.685333 0.066056
v 0.821463 1.691644 0.062062
v 0.812685 1.693678 0.056054
v 0.804710 1.691031 0.049223
v 0.799116 1.684227 0.042921
v 0.797012 1.674616 0.038397
v 0.798815 1.664098 0.036547
v 0.804168 1.654759 0.037737
v 0.812009 1.648448 0.041731
v 0.796286 1.638473 0.070075
v 0.801549 1.640209 0.079380
v 0.804949 1.646277 0.087681
v 0.805814 1.655473 0.093334
v 0.803971 1.665977 0.095221
v 0.799786 1.675708 0.092966
v 0.794088 1.682739 0.087018
v 0.788005 1.685676 0.078553
v 0.782741 1.683939 0.069249
v 0.779341 1.677872 0.060948
v 0.778476 1.668676 0.055295
v 0.780319 1.658172 0.053408
v 0.784504 1.648441 0.055662
v 0.790202 1.641410 0.061611
v 0.766063 1.630716 0.081784
v 0.767853 1.631529 0.092434
v 0.768307 1.636813 0.101876
v 0.767338 1.645522 0.108240
v 0.765136 1.655931 0.110265
v 0.762138 1.665977 0.107551
v 0.758938 1.673672 0.100635
v 0.756168 1.677490 0.090887
v 0.754379 1.676677 0.080237
v 0.753924 1.671393 0.070795
v 0.754894 1.662684 0.064430
v 0.757096 1.652276 0.062405
v 0.760094 1.642229 0.065119
v 0.763294 1.634535 0.072035
v 0.734390 1.623142 0.081784
v 0.732428 1.623025 0.092434
v 0.729558 1.627485 0.101876
v 0.726347 1.635638 0.108240
v 0.723431 1.645870 0.110265
v 0.721389 1.656153 0.107551
v 0.720625 1.664452 0.100635
v 0.721289 1.669122 0.090887
v 0.723251 1.669238 0.080237
v 0.726122 1.664778 0.070795
v 0.729333 1.656626 0.064430
v 0.732248 1.646394 0.062405
v 0.734290 1.636111 0.065119
v 0.735055 1.627812 0.072035
v 0.705532 1.615748 0.070604
v 0.700076 1.614702 0.079900
v 0.693973 1.618302 0.088090
v 0.688432 1.625836 0.093552
v 0.684551 1.635811 0.095203
v 0.683097 1.646251 0.092717
v 0.684360 1.655088 0.086586
v 0.688089 1.660573 0.078025
v 0.693545 1.661619 0.068729
v 0.699648 1.658018 0.060539
v 0.705189 1.650485 0.055077
v 0.709071 1.640510 0.053426
v 0.710524 1.630070 0.055912
v 0.709261 1.621233 0.062043
v 0.683184 1.608529 0.050231
v 0.674983 1.606562 0.057025
v 0.666234 1.609275 0.062803
v 0.658671 1.616130 0.066421
v 0.653791 1.625770 0.067162
v 0.652561 1.636285 0.064880
v 0.655225 1.645593 0.060026
v 0.661254 1.651849 0.053562
v 0.669456 1.653816 0.046768
v 0.678204 1.651103 0.040990
v 0.685768 1.644248 0.037372
v 0.690647 1.634608 0.036631
v 0.691877 1.624093 0.038913
v 0.689214 1.614786 0.043767
v 0.670009 1.601480 0.023772
v 0.660180 1.598607 0.027296
v 0.649797 1.600412 0.029793
v 0.640918 1.606535 0.030768
v 0.635301 1.615764 0.030028
v 0.634058 1.626272 0.027719
v 0.637435 1.635976 0.024299
v 0.644764 1.642956 0.020446
v 0.654594 1.645828 0.016921
v 0.664976 1.644024 0.014424
v 0.673855 1.637901 0.013449
v 0.679473 1.628672 0.014190
v 0.680716 1.618164 0.016498
v 0.677338 1.608459 0.019918
v 0.667342 1.594592 -0.005008
v 0.657184 1.590837 -0.005030
v 0.646458 1.591718 -0.006240
v 0.637289 1.597062 -0.008397
v 0.631492 1.605808 -0.011075
v 0.630216 1.616227 -0.013743
v 0.633713 1.626253 -0.015873
v 0.641291 1.633901 -0.017043
v 0.651449 1.637656 -0.017021
v 0.662175 1.636774 -0.015811
v 0.671344 1.631431 -0.013654
v 0.677141 1.622684 -0.010976
v 0.678417 1.612266 -0.008308
v 0.674920 1.602240 -0.006178
v 0.675082 1.587859 -0.032212
v 0.665867 1.583250 -0.035546
v 0.656167 1.583201 -0.040363
v 0.647905 1.587723 -0.045708
v 0.642716 1.595919 -0.050523
v 0.641628 1.606166 -0.053854
v 0.644857 1.616435 -0.055042
v 0.651763 1.624691 -0.053851
v 0.660979 1.629300 -0.050517
v 0.670679 1.629349 -0.045700
v 0.678941 1.624827 -0.040355
v 0.684130 1.616631 -0.035540
v 0.685218 1.606384 -0.032208
v 0.681989 1.596115 -0.031021
v 0.691777 1.581269 -0.054319
v 0.684549 1.575843 -0.060285
v 0.677108 1.574865 -0.068093
v 0.670929 1.578529 -0.076197
v 0.667235 1.586110 -0.082992
v 0.666758 1.596107 -0.087131
v 0.669592 1.606538 -0.087796
v 0.675176 1.615338 -0.084854
v 0.682404 1.620765 -0.078888
v 0.689844 1.621743 -0.071080
v 0.696024 1.618078 -0.062976
v 0.699718 1.610497 -0.056181
v 0.700195 1.600501 -0.052042
v 0.697361 1.590070 -0.051377
v 0.714873 1.574813 -0.068620
v 0.710303 1.568611 -0.076232
v 0.706024 1.566712 -0.085997
v 0.702882 1.569491 -0.095982
v 0.701500 1.576397 -0.104208
v 0.702152 1.586064 -0.109047
v 0.704709 1.596576 -0.109539
v 0.708663 1.605852 -0.105588
v 0.713233 1.612054 -0.097976
v 0.717513 1.613953 -0.088211
v 0.720654 1.611174 -0.078226
v 0.722036 1.604268 -0.070000
v 0.721384 1.594601 -0.065161
v 0.718828 1.584088 -0.064669
v 0.741095 1.568478 -0.073521
v 0.739406 1.561550 -0.081672
v 0.738722 1.558743 -0.092109
v 0.739178 1.560615 -0.102767
v 0.740684 1.566793 -0.111533
v 0.742941 1.576055 -0.116671
v 0.745503 1.586566 -0.117165
v 0.747861 1.596244 -0.112916
v 0.749550 1.603173 -0.104765
v 0.750234 1.605979 -0.094328
v 0.749777 1.604107 -0.083670
v 0.748272 1.597929 -0.074904
v 0.746015 1.588667 -0.069766
v 0.743453 1.578156 -0.069272
v 0.766885 1.562252 -0.068700
v 0.767863 1.554651 -0.076352
v 0.770688 1.550959 -0.086134
v 0.774800 1.551908 -0.096108
v 0.779385 1.557310 -0.104298
v 0.783534 1.566095 -0.109083
v 0.786427 1.576523 -0.109515
v 0.787489 1.586528 -0.105508
v 0.786511 1.594129 -0.097856
v 0.783687 1.597820 -0.088074
v 0.779575 1.596871 -0.078100
v 0.774990 1.591469 -0.069910
v 0.770840 1.582684 -0.065125
v 0.767948 1.572257 -0.064693
v 0.788868 1.556120 -0.055089
v 0.791948 1.547906 -0.061440
v 0.797709 1.543359 -0.069404
v 0.805008 1.543379 -0.077404
v 0.812401 1.547962 -0.083855
v 0.818423 1.556200 -0.087481
v 0.821881 1.566463 -0.087562
v 0.822091 1.576716 -0.084083
v 0.819011 1.584930 -0.077733
v 0.813250 1.589478 -0.069769
v 0.805951 1.589458 -0.061769
v 0.798558 1.584875 -0.055317
v 0.792536 1.576636 -0.051692
v 0.789077 1.566374 -0.051610
v 0.804253 1.550069 -0.034716
v 0.808667 1.541306 -0.039300
v 0.816422 1.535939 -0.044623
v 0.825982 1.535029 -0.049630
v 0.835452 1.538757 -0.053331
v 0.842958 1.546385 -0.054992
v 0.847012 1.556402 -0.054284
v 0.846813 1.566825 -0.051347
v 0.842398 1.575588 -0.046763
v 0.834643 1.580955 -0.041440
v 0.825084 1.581865 -0.036432
v 0.815614 1.578137 -0.032732
v 0.808108 1.570509 -0.031071
v 0.804053 1.560491 -0.031779
v 0.811167 1.544084 -0.010415
v 0.816112 1.534841 -0.013135
v 0.824726 1.528694 -0.015438
v 0.835304 1.526862 -0.016866
v 0.845750 1.529707 -0.017138
v 0.853995 1.536665 -0.016199
v 0.858407 1.546358 -0.014236
v 0.858111 1.556867 -0.011636
v 0.853167 1.566110 -0.008916
v 0.844552 1.572257 -0.006613
v 0.833975 1.574089 -0.005185
v 0.823529 1.571245 -0.004913
v 0.815283 1.564287 -0.005852
v 0.810871 1.554593 -0.007815
v 0.808855 1.538149 0.014542
v 0.813647 1.528497 0.013461
v 0.821990 1.521621 0.014092
v 0.832229 1.518880 0.016311
v 0.842338 1.520818 0.019678
v 0.850314 1.527052 0.023527
v 0.854577 1.536346 0.027095
v 0.854283 1.546860 0.029675
v 0.849490 1.556511 0.030757
v 0.841148 1.563388 0.030126
v 0.830908 1.566129 0.027907
v 0.820800 1.564190 0.024539
v 0.812824 1.557957 0.020690
v 0.808561 1.548662 0.017123
v 0.797744 1.532247 0.036856
v 0.801939 1.522264 0.036975
v 0.809065 1.514710 0.040049
v 0.817710 1.511083 0.045470
v 0.826162 1.512100 0.052164
v 0.832748 1.517560 0.058805
v 0.836162 1.526382 0.064077
v 0.835729 1.536819 0.066937
v 0.831534 1.546802 0.066818
v 0.824408 1.554356 0.063744
v 0.815763 1.557983 0.058323
v 0.807311 1.556966 0.051629
v 0.800725 1.551506 0.044988
v 0.797311 1.542684 0.039716
v 0.779376 1.526364 0.053600
v 0.782812 1.516126 0.054411
v 0.788097 1.507954 0.059163
v 0.794184 1.503469 0.066917
v 0.799867 1.503557 0.076136
v 0.804020 1.508201 0.084993
v 0.805821 1.516482 0.091736
v 0.804914 1.526759 0.095029
v 0.801478 1.536998 0.094218
v 0.796193 1.545169 0.089465
v 0.790106 1.549654 0.081712
v 0.784424 1.549567 0.072493
v 0.780270 1.544922 0.063635
v 0.778469 1.536641 0.056892
v 0.756206 1.520482 0.062576
v 0.758986 1.510069 0.063641
v 0.762188 1.501345 0.069200
v 0.765178 1.496035 0.078154
v 0.767364 1.495194 0.088727
v 0.768311 1.498986 0.098827
v 0.767834 1.506661 0.106453
v 0.766026 1.516699 0.110094
v 0.763246 1.527111 0.109029
v 0.760043 1.535836 0.103470
v 0.757053 1.541145 0.094517
v 0.754868 1.541987 0.083943
v 0.753920 1.538195 0.073843
v 0.754398 1.530520 0.066218
v 0.731298 1.514585 0.062576
v 0.733703 1.504080 0.063641
v 0.734947 1.494869 0.069200
v 0.734784 1.488778 0.078154
v 0.733245 1.487013 0.088727
v 0.730635 1.489923 0.098827
v 0.727472 1.496933 0.106453
v 0.724382 1.506653 0.110094
v 0.721976 1.517158 0.109029
v 0.720732 1.526368 0.103470
v 0.720896 1.532459 0.094517
v 0.722435 1.534225 0.083943
v 0.725044 1.531314 0.073843
v 0.728207 1.524305 0.066218
v 0.707955 1.508657 0.053533
v 0.710320 1.498141 0.054582
v 0.710009 1.488518 0.059539
v 0.707084 1.481692 0.067423
v 0.702124 1.479018 0.076671
v 0.696112 1.481023 0.085453
v 0.690238 1.487312 0.092028
v 0.685666 1.496638 0.095095
v 0.683301 1.507154 0.094046
v 0.683612 1.516778 0.089089
v 0.686537 1.523603 0.081206
v 0.691497 1.526278 0.071958
v 0.697509 1.524272 0.063176
v 0.703383 1.517983 0.056601
v 0.689315 1.502683 0.036541
v 0.691893 1.492238 0.037784
v 0.690574 1.482276 0.041822
v 0.685620 1.474770 0.047856
v 0.678012 1.471207 0.054689
v 0.669256 1.472292 0.060970
v 0.661087 1.477811 0.065453
v 0.655123 1.486670 0.067252
v 0.652545 1.497114 0.066009
v 0.653864 1.507077 0.061971
v 0.658818 1.514582 0.055937
v 0.666427 1.518146 0.049103
v 0.675183 1.517061 0.042823
v 0.683351 1.511542 0.038339
v 0.677960 1.496646 0.013737
v 0.680813 1.486354 0.015532
v 0.679026 1.476132 0.018631
v 0.672954 1.468004 0.022418
v 0.663798 1.463580 0.026144
v 0.653372 1.463736 0.029071
v 0.643742 1.468441 0.030619
v 0.636814 1.476764 0.030481
v 0.633960 1.487056 0.028685
v 0.635747 1.497278 0.025587
v 0.641820 1.505406 0.021800
v 0.650976 1.509830 0.018074
v 0.661401 1.509674 0.015147
v 0.671032 1.504968 0.013599
v 0.675580 1.490530 -0.011942
v 0.678521 1.480472 -0.009208
v 0.676667 1.470070 -0.006834
v 0.670386 1.461383 -0.005290
v 0.660923 1.456133 -0.004882
v 0.650151 1.455359 -0.005691
v 0.640204 1.459215 -0.007556
v 0.633052 1.466937 -0.010109
v 0.630112 1.476995 -0.012843
v 0.631966 1.487397 -0.015217
v 0.638247 1.496084 -0.016761
v 0.647710 1.501334 -0.017169
v 0.658482 1.502108 -0.016360
v 0.668429 1.498252 -0.014495
v 0.682740 1.484323 -0.037105
v 0.685335 1.474577 -0.033159
v 0.683591 1.464076 -0.031169
v 0.677851 1.454899 -0.031528
v 0.669255 1.448864 -0.034166
v 0.659503 1.447166 -0.038559
v 0.650527 1.450141 -0.043839
v 0.644106 1.457201 -0.048958
v 0.641511 1.466947 -0.052904
v 0.643255 1.477449 -0.054894
v 0.648994 1.486626 -0.054535
v 0.657591 1.492661 -0.051897
v 0.667343 1.494359 -0.047503
v 0.676318 1.491383 -0.042224
v 0.698763 1.478010 -0.058323
v 0.700414 1.468652 -0.053127
v 0.698710 1.458134 -0.051191
v 0.693989 1.448538 -0.052898
v 0.687186 1.441765 -0.057911
v 0.679648 1.439156 -0.065236
v 0.672868 1.441229 -0.073423
v 0.668190 1.447572 -0.080850
v 0.666538 1.456929 -0.086046
v 0.668242 1.467448 -0.087982
v 0.672963 1.477044 -0.086274
v 0.679766 1.483817 -0.081262
v 0.687304 1.486425 -0.073937
v 0.694084 1.484353 -0.065750
v 0.721777 1.471577 -0.072573
v 0.721845 1.462682 -0.066396
v 0.719917 1.452229 -0.064321
v 0.716375 1.442289 -0.066759
v 0.711921 1.434831 -0.073226
v 0.707436 1.431332 -0.082442
v 0.703809 1.432485 -0.092581
v 0.701759 1.438062 -0.101635
v 0.701691 1.446957 -0.107812
v 0.703619 1.457410 -0.109887
v 0.707161 1.467350 -0.107449
v 0.711616 1.474808 -0.100982
v 0.716100 1.478307 -0.091766
v 0.719727 1.477154 -0.081627
v 0.748905 1.465014 -0.077644
v 0.746866 1.456649 -0.071074
v 0.744355 1.446344 -0.068890
v 0.741868 1.436138 -0.071524
v 0.739898 1.428053 -0.078456
v 0.738835 1.423692 -0.088311
v 0.738889 1.423916 -0.099138
v 0.740051 1.428682 -0.108793
v 0.742089 1.437047 -0.115363
v 0.744601 1.447353 -0.117547
v 0.747088 1.457558 -0.114913
v 0.749058 1.465643 -0.107981
v 0.750121 1.470005 -0.098126
v 0.750066 1.469780 -0.087299
v 0.776596 1.458308 -0.072467
v 0.772192 1.450541 -0.066340
v 0.768777 1.440463 -0.064324
v 0.767028 1.430071 -0.066821
v 0.767292 1.421423 -0.073335
v 0.769515 1.416232 -0.082576
v 0.773258 1.415526 -0.092714
v 0.777779 1.419445 -0.101741
v 0.782183 1.427213 -0.107868
v 0.785598 1.437291 -0.109884
v 0.787347 1.447683 -0.107387
v 0.787083 1.456331 -0.100873
v 0.784860 1.461522 -0.091632
v 0.781117 1.462227 -0.081494
v 0.801068 1.451451 -0.057315
v 0.794409 1.444340 -0.052583
v 0.789943 1.434569 -0.051219
v 0.788554 1.424072 -0.053492
v 0.790518 1.414929 -0.058954
v 0.795445 1.408949 -0.066521
v 0.802359 1.407319 -0.074695
v 0.809891 1.410360 -0.081858
v 0.816550 1.417470 -0.086590
v 0.821016 1.427242 -0.087954
v 0.822404 1.437739 -0.085680
v 0.820441 1.446882 -0.080219
v 0.815514 1.452861 -0.072652
v 0.808600 1.454492 -0.064477
v 0.818804 1.444433 -0.033828
v 0.810412 1.438035 -0.031391
v 0.805016 1.428647 -0.031260
v 0.803682 1.418127 -0.033460
v 0.806677 1.408559 -0.037556
v 0.813406 1.401839 -0.042736
v 0.822537 1.399296 -0.047975
v 0.832261 1.401436 -0.052235
v 0.840653 1.407833 -0.054672
v 0.846050 1.417221 -0.054803
v 0.847383 1.427741 -0.052603
v 0.844389 1.437309 -0.048507
v 0.837659 1.444030 -0.043327
v 0.828528 1.446572 -0.038088
v 0.827044 1.437246 -0.004868
v 0.817810 1.431612 -0.005391
v 0.811909 1.422680 -0.007030
v 0.810511 1.412220 -0.009461
v 0.813891 1.402303 -0.012201
v 0.821380 1.394893 -0.014709
v 0.831496 1.391458 -0.016487
v 0.842234 1.392679 -0.017183
v 0.851468 1.398314 -0.016660
v 0.857369 1.407246 -0.015020
v 0.858768 1.417706 -0.012590
v 0.855388 1.427623 -0.009850
v 0.847898 1.435033 -0.007342
v 0.837782 1.438467 -0.005564
v 0.824201 1.429886 0.025813
v 0.815267 1.425059 0.022048
v 0.809563 1.416653 0.018295
v 0.808216 1.406334 0.015298
v 0.811495 1.396145 0.013649
v 0.818750 1.388104 0.013676
v 0.828544 1.383804 0.015373
v 0.838937 1.384097 0.018404
v 0.847870 1.388924 0.022169
v 0.853575 1.397330 0.025922
v 0.854921 1.407649 0.028920
v 0.851642 1.417838 0.030568
v 0.844388 1.425879 0.030542
v 0.834594 1.430179 0.028844
v 0.810145 1.422346 0.054042
v 0.802730 1.418364 0.047227
v 0.798090 1.410550 0.041336
v 0.797142 1.400453 0.037537
v 0.800076 1.390072 0.036582
v 0.806309 1.381463 0.038661
v 0.814608 1.376332 0.043360
v 0.823328 1.375694 0.049751
v 0.830743 1.379676 0.056566
v 0.835383 1.387490 0.062457
v 0.836330 1.397587 0.066256
v 0.833397 1.407968 0.067210
v 0.827163 1.416577 0.065132
v 0.818865 1.421709 0.060432
v 0.786297 1.414624 0.075783
v 0.781493 1.411518 0.066587
v 0.778799 1.404357 0.058921
v 0.778749 1.394561 0.054305
v 0.781352 1.384069 0.053652
v 0.786092 1.374959 0.057091
v 0.792032 1.369036 0.063941
v 0.797994 1.367473 0.072846
v 0.802797 1.370580 0.082042
v 0.805491 1.377740 0.089707
v 0.805541 1.387537 0.094324
v 0.802938 1.398029 0.094977
v 0.798198 1.407138 0.091538
v 0.792258 1.413061 0.084688
v 0.755512 1.406718 0.087709
v 0.754094 1.404512 0.077201
v 0.754068 1.398060 0.068503
v 0.755437 1.388641 0.063336
v 0.757931 1.378120 0.062725
v 0.761056 1.368581 0.066790
v 0.764193 1.361913 0.074726
v 0.766720 1.359437 0.084962
v 0.768137 1.361643 0.095469
v 0.768164 1.368095 0.104168
v 0.766795 1.377514 0.109334
v 0.764300 1.388034 0.109945
v 0.761176 1.397574 0.105880
v 0.758039 1.404242 0.097944
v 0.721752 1.398627 0.087709
v 0.724035 1.397338 0.077201
v 0.727073 1.391646 0.068503
v 0.730262 1.382678 0.063336
v 0.732971 1.372211 0.062725
v 0.734664 1.362316 0.066790
v 0.735006 1.354956 0.074726
v 0.733928 1.351586 0.084962
v 0.731644 1.352874 0.095469
v 0.728607 1.358566 0.104168
v 0.725418 1.367534 0.109334
v 0.722708 1.378001 0.109945
v 0.721015 1.387896 0.105880
v 0.720674 1.395257 0.097944
v 0.689580 1.390351 0.075245
v 0.695352 1.389990 0.066089
v 0.701414 1.385103 0.058562
v 0.706563 1.376656 0.054155
v 0.709782 1.366324 0.053741
v 0.710431 1.356152 0.057402
v 0.708382 1.348155 0.064412
v 0.704042 1.343918 0.073384
v 0.698269 1.344279 0.082540
v 0.692208 1.349167 0.090067
v 0.687058 1.357613 0.094473
v 0.683840 1.367946 0.094888
v 0.683191 1.378117 0.091227
v 0.685239 1.386114 0.084217
v 0.663541 1.381894 0.051508
v 0.672087 1.382464 0.044880
v 0.680660 1.378419 0.039642
v 0.687560 1.370559 0.036831
v 0.691422 1.360443 0.037004
v 0.691481 1.350073 0.040127
v 0.687724 1.341504 0.045580
v 0.680897 1.336432 0.052285
v 0.672351 1.335863 0.058912
v 0.663779 1.339908 0.064150
v 0.656878 1.347767 0.066961
v 0.653016 1.357884 0.066788
v 0.652958 1.368253 0.063666
v 0.656714 1.376823 0.058212
v 0.647516 1.373260 0.019326
v 0.657727 1.374755 0.016042
v 0.667871 1.371584 0.013959
v 0.675938 1.364374 0.013491
v 0.680330 1.354552 0.014729
v 0.680179 1.344066 0.017429
v 0.675513 1.334990 0.021056
v 0.667257 1.329124 0.024892
v 0.657046 1.327629 0.028176
v 0.646903 1.330800 0.030258
v 0.638836 1.338011 0.030727
v 0.634443 1.347832 0.029488
v 0.634595 1.358318 0.026788
v 0.639260 1.367394 0.023161
v 0.644135 1.364453 -0.017165
v 0.654686 1.366863 -0.016777
v 0.665164 1.364590 -0.015250
v 0.673494 1.358085 -0.012886
v 0.678025 1.348635 -0.010154
v 0.677860 1.338114 -0.007594
v 0.673032 1.328604 -0.005714
v 0.664498 1.321989 -0.004886
v 0.653947 1.319579 -0.005274
v 0.643469 1.321851 -0.006801
v 0.635139 1.328357 -0.009165
v 0.630608 1.337806 -0.011897
v 0.630773 1.348328 -0.014457
v 0.635600 1.357838 -0.016337
v 0.654347 1.355480 -0.053058
v 0.663910 1.358785 -0.049196
v 0.673376 1.357429 -0.044113
v 0.680871 1.351679 -0.038816
v 0.684910 1.342676 -0.034354
v 0.684693 1.332202 -0.031610
v 0.680264 1.322331 -0.031129
v 0.672498 1.315019 -0.033005
v 0.662936 1.311714 -0.036867
v 0.653469 1.313070 -0.041950
v 0.645975 1.318819 -0.047247
v 0.641936 1.327823 -0.051709
v 0.642152 1.338297 -0.054452
v 0.646582 1.348168 -0.054934
v 0.677221 1.346348 -0.083347
v 0.684669 1.350523 -0.076686
v 0.691882 1.350094 -0.068619
v 0.697430 1.345146 -0.060743
v 0.700214 1.336659 -0.054619
v 0.699683 1.326314 -0.051460
v 0.695942 1.316160 -0.051890
v 0.689732 1.308208 -0.055826
v 0.682283 1.304033 -0.062487
v 0.675070 1.304462 -0.070554
v 0.669523 1.309410 -0.078429
v 0.666739 1.317897 -0.084553
v 0.667270 1.328242 -0.087713
v 0.671011 1.338396 -0.087282
v 0.710002 1.337068 -0.103645
v 0.714581 1.342080 -0.095206
v 0.718603 1.342581 -0.085163
v 0.721271 1.338472 -0.075505
v 0.722057 1.330568 -0.068144
v 0.720805 1.320433 -0.064538
v 0.717763 1.310075 -0.065401
v 0.713534 1.301546 -0.070563
v 0.708955 1.296534 -0.079002
v 0.704934 1.296032 -0.089044
v 0.702266 1.300141 -0.098703
v 0.701480 1.308045 -0.106064
v 0.702732 1.318180 -0.109670
v 0.705773 1.328538 -0.108807
v 0.748453 1.327648 -0.110832
v 0.749869 1.333458 -0.101803
v 0.750217 1.334886 -0.091073
v 0.749428 1.331649 -0.080768
v 0.747659 1.324389 -0.072930
v 0.745260 1.314544 -0.069109
v 0.742706 1.304063 -0.070064
v 0.740502 1.295022 -0.075605
v 0.739087 1.289213 -0.084634
v 0.738739 1.287785 -0.095364
v 0.739527 1.291021 -0.105668
v 0.741297 1.298281 -0.113507
v 0.743696 1.308127 -0.117328
v 0.746250 1.318608 -0.116373
v 0.787410 1.318101 -0.103550
v 0.785843 1.324663 -0.095078
v 0.782562 1.327006 -0.085027
v 0.778216 1.324667 -0.075387
v 0.773666 1.318108 -0.068068
v 0.769814 1.308629 -0.064519
v 0.767422 1.298107 -0.065444
v 0.766965 1.288627 -0.070658
v 0.768532 1.282065 -0.079130
v 0.771813 1.279721 -0.089181
v 0.776159 1.282061 -0.098821
v 0.780709 1.288620 -0.106140
v 0.784561 1.298099 -0.109689
v 0.786952 1.308620 -0.108764
v 0.821501 1.308439 -0.082442
v 0.817530 1.315702 -0.075459
v 0.811172 1.318942 -0.067312
v 0.803687 1.317518 -0.059616
v 0.796556 1.311712 -0.053895
v 0.791193 1.302674 -0.051282
v 0.788660 1.292193 -0.052294
v 0.789458 1.282346 -0.056731
v 0.793429 1.275083 -0.063714
v 0.799787 1.271843 -0.071860
v 0.807272 1.273267 -0.079556
v 0.814402 1.279073 -0.085278
v 0.819765 1.288112 -0.087891
v 0.822299 1.298592 -0.086879
v 0.845913 1.298675 -0.050116
v 0.840376 1.306582 -0.045206
v 0.831899 1.310694 -0.039866
v 0.822161 1.310197 -0.035152
v 0.813091 1.305188 -0.031999
v 0.806486 1.296661 -0.031032
v 0.803652 1.286304 -0.032440
v 0.805153 1.276168 -0.035947
v 0.810690 1.268261 -0.040857
v 0.819167 1.264149 -0.046197
v 0.828904 1.264646 -0.050911
v 0.837974 1.269654 -0.054063
v 0.844580 1.278181 -0.055031
v 0.847413 1.288539 -0.053622
v 0.857095 1.288822 -0.010813
v 0.850915 1.297312 -0.008162
v 0.841512 1.302263 -0.006079
v 0.830747 1.302697 -0.004975
v 0.820753 1.298526 -0.005070
v 0.813510 1.290576 -0.006344
v 0.810451 1.280423 -0.008546
v 0.812183 1.270077 -0.011238
v 0.818363 1.261588 -0.013889
v 0.827766 1.256636 -0.015972
v 0.838531 1.256203 -0.017076
v 0.848525 1.260374 -0.016981
v 0.855769 1.268324 -0.015707
v 0.858827 1.278477 -0.013505
v 0.853298 1.278897 0.030171
v 0.847310 1.287902 0.030749
v 0.838204 1.293655 0.029616
v 0.827785 1.295015 0.026996
v 0.818115 1.291714 0.023408
v 0.811109 1.284404 0.019562
v 0.808156 1.274535 0.016222
v 0.809840 1.264060 0.014047
v 0.815828 1.255055 0.013469
v 0.824933 1.249302 0.014602
v 0.835353 1.247942 0.017222
v 0.845023 1.251244 0.020810
v 0.852029 1.258553 0.024655
v 0.854982 1.268422 0.027996
v 0.834847 1.268913 0.067224
v 0.829661 1.278364 0.066193
v 0.821914 1.284873 0.062331
v 0.813142 1.287149 0.056402
v 0.805082 1.284743 0.049580
v 0.799330 1.278131 0.043218
v 0.797026 1.268623 0.038574
v 0.798626 1.258101 0.036569
v 0.803812 1.248650 0.037599
v 0.811559 1.242142 0.041462
v 0.820331 1.239865 0.047391
v 0.828391 1.242271 0.054212
v 0.834143 1.248883 0.060575
v 0.836447 1.258391 0.065219
v 0.804132 1.258887 0.095225
v 0.800053 1.268710 0.093184
v 0.794408 1.275923 0.087406
v 0.788314 1.279099 0.079035
v 0.782980 1.277607 0.069729
v 0.779460 1.271744 0.061331
v 0.778454 1.262671 0.055505
v 0.780158 1.252185 0.053404
v 0.784237 1.242362 0.055444
v 0.789882 1.235149 0.061222
v 0.795976 1.231973 0.069593
v 0.801310 1.233465 0.078899
v 0.804830 1.239328 0.087297
v 0.805836 1.248401 0.093124
v 0.765277 1.248835 0.110278
v 0.762306 1.258953 0.107807
v 0.759101 1.266814 0.101084
v 0.756294 1.270864 0.091440
v 0.754442 1.270298 0.080785
v 0.753912 1.265230 0.071229
v 0.754809 1.256663 0.064665
v 0.756955 1.246294 0.062393
v 0.759925 1.236176 0.064863
v 0.763131 1.228315 0.071586
v 0.765938 1.224265 0.081230
v 0.767790 1.224831 0.091885
v 0.768319 1.229899 0.101441
v 0.767423 1.238466 0.108006
v 0.723567 1.238773 0.110278
v 0.721467 1.249106 0.107807
v 0.720629 1.257555 0.101084
v 0.721220 1.262447 0.091440
v 0.723121 1.262811 0.080785
v 0.725957 1.258578 0.071229
v 0.729166 1.250584 0.064665
v 0.732112 1.240413 0.062393
v 0.734212 1.230080 0.064863
v 0.735050 1.221631 0.071586
v 0.734460 1.216740 0.081230
v 0.732559 1.216375 0.091885
v 0.729723 1.220608 0.101441
v 0.726514 1.228602 0.108006
v 0.684699 1.228717 0.095220
v 0.683106 1.239185 0.092946
v 0.684228 1.248155 0.086982
v 0.687842 1.253851 0.078510
v 0.693232 1.255143 0.069206
v 0.699331 1.251777 0.060914
v 0.704931 1.244419 0.055276
v 0.708922 1.234526 0.053409
v 0.710515 1.224058 0.055683
v 0.709393 1.215088 0.061646
v 0.705780 1.209393 0.070119
v 0.700389 1.208100 0.079423
v 0.694290 1.211467 0.087715
v 0.688691 1.218825 0.093353
v 0.653962 1.218685 0.067200
v 0.652528 1.229206 0.065070
v 0.654993 1.238626 0.060331
v 0.660870 1.245081 0.053922
v 0.668995 1.247291 0.047111
v 0.677759 1.244819 0.041248
v 0.685425 1.238154 0.037495
v 0.690476 1.228616 0.036593
v 0.691911 1.218095 0.038722
v 0.689445 1.208675 0.043461
v 0.683568 1.202220 0.049871
v 0.675443 1.200010 0.056681
v 0.666679 1.202482 0.062544
v 0.659013 1.209147 0.066298
v 0.635493 1.208690 0.030109
v 0.634006 1.219182 0.027874
v 0.637150 1.228980 0.024497
v 0.644301 1.236144 0.020647
v 0.654045 1.239254 0.017086
v 0.664450 1.237695 0.014521
v 0.673457 1.231775 0.013458
v 0.679280 1.222668 0.014109
v 0.680767 1.212176 0.016344
v 0.677624 1.202378 0.019721
v 0.670472 1.195215 0.023571
v 0.660729 1.192104 0.027131
v 0.650323 1.193663 0.029697
v 0.641317 1.199583 0.030759
v 0.631691 1.198751 -0.010930
v 0.630162 1.209131 -0.013612
v 0.633417 1.219230 -0.015782
v 0.640812 1.227046 -0.017010
v 0.650881 1.231032 -0.017052
v 0.661631 1.230399 -0.015901
v 0.670932 1.225271 -0.013784
v 0.676942 1.216665 -0.011121
v 0.678471 1.206284 -0.008439
v 0.675216 1.196186 -0.006269
v 0.667821 1.188369 -0.005041
v 0.657751 1.184383 -0.004999
v 0.647002 1.185017 -0.006150
v 0.637701 1.190145 -0.008267
v 0.642892 1.188882 -0.050299
v 0.641576 1.199070 -0.053728
v 0.644587 1.209390 -0.055039
v 0.651328 1.217798 -0.053971
v 0.660465 1.222629 -0.050736
v 0.670188 1.222925 -0.045976
v 0.678571 1.218629 -0.040632
v 0.683954 1.210591 -0.035763
v 0.685270 1.200403 -0.032334
v 0.682259 1.190083 -0.031024
v 0.675518 1.181675 -0.032092
v 0.666380 1.176844 -0.035326
v 0.656658 1.176548 -0.040087
v 0.648275 1.180844 -0.045431
v 0.667353 1.179097 -0.082690
v 0.666698 1.189013 -0.086996
v 0.669367 1.199474 -0.087853
v 0.674830 1.208408 -0.085092
v 0.682005 1.214046 -0.079260
v 0.689472 1.215271 -0.071512
v 0.695752 1.211840 -0.063383
v 0.699600 1.204433 -0.056482
v 0.700254 1.194517 -0.052177
v 0.697586 1.184056 -0.051320
v 0.692123 1.175122 -0.054081
v 0.684947 1.169484 -0.059913
v 0.677480 1.168260 -0.067661
v 0.671201 1.171690 -0.075790
v 0.701523 1.169412 -0.103848
v 0.702068 1.178978 -0.108895
v 0.704534 1.189498 -0.109627
v 0.708432 1.198888 -0.105898
v 0.712992 1.205289 -0.098446
v 0.717309 1.207432 -0.088748
v 0.720529 1.204893 -0.078724
v 0.722014 1.198176 -0.070360
v 0.721469 1.188610 -0.065313
v 0.719003 1.178090 -0.064581
v 0.715104 1.168700 -0.068310
v 0.710545 1.162299 -0.075762
v 0.706227 1.160156 -0.085460
v 0.703008 1.162694 -0.095484
v 0.740583 1.159839 -0.111149
v 0.742810 1.168980 -0.116512
v 0.745368 1.179477 -0.117260
v 0.747750 1.189250 -0.113247
v 0.749484 1.196363 -0.105267
v 0.750226 1.199408 -0.094901
v 0.749829 1.197782 -0.084201
v 0.748373 1.191806 -0.075288
v 0.746145 1.182665 -0.069925
v 0.743587 1.172168 -0.069177
v 0.741206 1.162395 -0.073190
v 0.739472 1.155282 -0.081170
v 0.738730 1.152237 -0.091536
v 0.739126 1.153863 -0.102236
v 0.779147 1.150391 -0.103940
v 0.783341 1.159036 -0.108935
v 0.786317 1.169428 -0.109606
v 0.787484 1.179507 -0.105820
v 0.786612 1.187277 -0.098327
v 0.783874 1.191200 -0.088611
v 0.779811 1.190499 -0.078597
v 0.775228 1.185311 -0.070268
v 0.771034 1.176666 -0.065273
v 0.768058 1.166274 -0.064602
v 0.766891 1.156195 -0.068388
v 0.767763 1.148425 -0.075881
v 0.770501 1.144502 -0.085597
v 0.774564 1.145204 -0.095611
v 0.812034 1.141080 -0.083577
v 0.818162 1.149161 -0.087375
v 0.821777 1.159366 -0.087650
v 0.822165 1.169673 -0.084347
v 0.819247 1.178040 -0.078120
v 0.813603 1.182810 -0.070203
v 0.806350 1.183038 -0.062164
v 0.798925 1.178680 -0.055595
v 0.792797 1.170598 -0.051797
v 0.789182 1.160393 -0.051523
v 0.788794 1.150087 -0.054826
v 0.791711 1.141720 -0.061053
v 0.797355 1.136950 -0.068969
v 0.804609 1.136721 -0.077008
v 0.834988 1.131915 -0.053182
v 0.842638 1.139370 -0.054962
v 0.846902 1.149309 -0.054380
v 0.846932 1.159762 -0.051549
v 0.842724 1.168660 -0.047031
v 0.835112 1.174240 -0.041722
v 0.825602 1.175397 -0.036671
v 0.816078 1.171902 -0.032880
v 0.808427 1.164447 -0.031100
v 0.804164 1.154508 -0.031683
v 0.804133 1.144055 -0.034514
v 0.808341 1.135157 -0.039031
v 0.815954 1.129577 -0.044341
v 0.825464 1.128420 -0.049392
v 0.845238 1.122907 -0.017155
v 0.853646 1.129677 -0.016277
v 0.858288 1.139271 -0.014359
v 0.858247 1.149790 -0.011781
v 0.853530 1.159149 -0.009053
v 0.845072 1.165495 -0.006716
v 0.834547 1.167572 -0.005232
v 0.824040 1.164967 -0.004896
v 0.815633 1.158197 -0.005774
v 0.810990 1.148603 -0.007692
v 0.811031 1.138084 -0.010270
v 0.815748 1.128725 -0.012998
v 0.824207 1.122379 -0.015335
v 0.834732 1.120302 -0.016818
v 0.841843 1.114064 0.019483
v 0.849976 1.120095 0.023325
v 0.854463 1.129271 0.026926
v 0.854415 1.139772 0.029573
v 0.849843 1.149519 0.030742
v 0.841651 1.156582 0.030201
v 0.831462 1.159562 0.028057
v 0.821294 1.157868 0.024735
v 0.813162 1.151836 0.020893
v 0.808675 1.142661 0.017291
v 0.808723 1.132160 0.014644
v 0.813295 1.122412 0.013475
v 0.821487 1.115349 0.014017
v 0.831676 1.112370 0.016161
v 0.825751 1.105391 0.051801
v 0.832471 1.110638 0.058479
v 0.836076 1.119322 0.063852
v 0.835850 1.129724 0.066858
v 0.831838 1.139783 0.066901
v 0.824835 1.147508 0.063971
v 0.816228 1.151367 0.058650
v 0.807722 1.150597 0.051992
v 0.801001 1.145351 0.045314
v 0.797397 1.136667 0.039940
v 0.797623 1.126265 0.036935
v 0.801635 1.116205 0.036892
v 0.808638 1.108481 0.039821
v 0.817245 1.104621 0.045142
v 0.799597 1.096896 0.075643
v 0.803855 1.101316 0.084566
v 0.805793 1.109442 0.091459
v 0.805029 1.119663 0.094955
v 0.801712 1.129955 0.094364
v 0.796501 1.138281 0.089801
v 0.790427 1.142990 0.082171
v 0.784693 1.143150 0.072985
v 0.780435 1.138730 0.064063
v 0.778497 1.130604 0.057170
v 0.779261 1.120383 0.053673
v 0.782578 1.110091 0.054265
v 0.787789 1.101765 0.058827
v 0.793863 1.097056 0.066457
v 0.767277 1.088581 0.088164
v 0.768297 1.092141 0.098341
v 0.767894 1.099644 0.106141
v 0.766150 1.109604 0.110017
v 0.763408 1.120050 0.109203
v 0.760212 1.128911 0.103860
v 0.757195 1.134433 0.095045
v 0.754955 1.135522 0.084506
v 0.753935 1.131963 0.074329
v 0.754337 1.124460 0.066530
v 0.756082 1.114499 0.062653
v 0.758824 1.104054 0.063467
v 0.762020 1.095192 0.068811
v 0.765036 1.089670 0.077625
v 0.733356 1.080450 0.088164
v 0.730792 1.083121 0.098341
v 0.727642 1.089943 0.106141
v 0.724532 1.099565 0.110017
v 0.722077 1.110081 0.109203
v 0.720763 1.119409 0.103860
v 0.720851 1.125701 0.095045
v 0.722323 1.127710 0.084506
v 0.724888 1.125040 0.074329
v 0.728037 1.118218 0.066530
v 0.731147 1.108596 0.062653
v 0.733602 1.098079 0.063467
v 0.734916 1.088751 0.068811
v 0.734828 1.082460 0.077625
v 0.702421 1.072504 0.076180
v 0.696436 1.074265 0.085032
v 0.690524 1.080353 0.091761
v 0.685858 1.089561 0.095035
v 0.683361 1.100066 0.094204
v 0.683528 1.109788 0.089435
v 0.686325 1.116800 0.081670
v 0.691200 1.119714 0.072449
v 0.697185 1.117953 0.063597
v 0.703097 1.111865 0.056868
v 0.707763 1.102657 0.053594
v 0.710260 1.092152 0.054424
v 0.710093 1.082430 0.059194
v 0.707296 1.075418 0.066959
v 0.678455 1.064742 0.054332
v 0.669717 1.065580 0.060675
v 0.661475 1.070886 0.065279
v 0.655360 1.079608 0.067232
v 0.652585 1.090020 0.066148
v 0.653699 1.100059 0.062242
v 0.658480 1.107737 0.056286
v 0.665983 1.111533 0.049461
v 0.674721 1.110695 0.043118
v 0.682964 1.105390 0.038514
v 0.689078 1.096667 0.036560
v 0.691853 1.086255 0.037644
v 0.690740 1.076216 0.041551
v 0.685958 1.068538 0.047507
v 0.664329 1.057163 0.025962
v 0.653919 1.057071 0.028947
v 0.644196 1.061554 0.030578
v 0.637085 1.069722 0.030531
v 0.633996 1.079959 0.028816
v 0.635539 1.090237 0.025773
v 0.641410 1.098521 0.022004
v 0.650445 1.103169 0.018256
v 0.660855 1.103261 0.015270
v 0.670578 1.098779 0.013640
v 0.677688 1.090610 0.013686
v 0.680777 1.080373 0.015401
v 0.679234 1.070095 0.018444
v 0.673364 1.061812 0.022214
v 0.661471 1.049765 -0.004873
v 0.650716 1.048743 -0.005620
v 0.640673 1.052367 -0.007437
v 0.633333 1.059918 -0.009965
v 0.630149 1.069900 -0.012703
v 0.631751 1.080337 -0.015109
v 0.637823 1.089161 -0.016706
v 0.647162 1.094625 -0.017178
v 0.657917 1.095646 -0.016431
v 0.667960 1.092023 -0.014614
v 0.675300 1.084472 -0.012086
v 0.678484 1.074490 -0.009348
v 0.676882 1.064053 -0.006942
v 0.670810 1.055228 -0.005345
v 0.669752 1.042541 -0.033977
v 0.660013 1.040599 -0.038298
v 0.650950 1.043336 -0.043556
v 0.644357 1.050209 -0.048710
v 0.641540 1.059859 -0.052740
v 0.643057 1.070373 -0.054846
v 0.648608 1.079669 -0.054613
v 0.657094 1.085906 -0.052086
v 0.666832 1.087848 -0.047765
v 0.675896 1.085112 -0.042507
v 0.682489 1.078238 -0.037353
v 0.685306 1.068588 -0.033323
v 0.683788 1.058074 -0.031216
v 0.678237 1.048778 -0.031450
v 0.687575 1.035488 -0.057579
v 0.680039 1.032639 -0.064815
v 0.673183 1.034467 -0.072997
v 0.668366 1.040611 -0.080503
v 0.666542 1.049852 -0.085847
v 0.668072 1.060361 -0.087971
v 0.672653 1.070056 -0.086453
v 0.679377 1.077017 -0.081594
v 0.686914 1.079865 -0.074357
v 0.693770 1.078037 -0.066175
v 0.698587 1.071894 -0.058669
v 0.700411 1.062653 -0.053325
v 0.698881 1.052144 -0.051202
v 0.694300 1.042449 -0.052720
v 0.712164 1.028596 -0.072803
v 0.707658 1.024864 -0.081916
v 0.703966 1.025770 -0.092057
v 0.701820 1.031134 -0.101217
v 0.701644 1.039895 -0.107581
v 0.703473 1.050316 -0.109890
v 0.706945 1.060335 -0.107686
v 0.711373 1.067966 -0.101405
v 0.715879 1.071698 -0.092291
v 0.719570 1.070792 -0.082151
v 0.721717 1.065428 -0.072991
v 0.721893 1.056667 -0.066627
v 0.720064 1.046245 -0.064318
v 0.716591 1.036227 -0.066522
v 0.739981 1.021859 -0.078003
v 0.738864 1.017272 -0.087750
v 0.738858 1.017248 -0.098580
v 0.739965 1.021792 -0.108348
v 0.741966 1.030003 -0.115119
v 0.744465 1.040256 -0.117553
v 0.746966 1.050519 -0.115167
v 0.748974 1.058761 -0.108434
v 0.750092 1.063347 -0.098687
v 0.750098 1.063371 -0.087857
v 0.748991 1.058827 -0.078089
v 0.746989 1.050616 -0.071318
v 0.744491 1.040363 -0.068884
v 0.741990 1.030100 -0.071270
v 0.767227 1.015265 -0.072910
v 0.769355 1.009860 -0.082050
v 0.773034 1.008907 -0.092191
v 0.777536 1.012594 -0.101324
v 0.781969 1.020192 -0.107641
v 0.785455 1.030196 -0.109890
v 0.787303 1.040624 -0.107626
v 0.787148 1.049411 -0.101298
v 0.785020 1.054816 -0.092158
v 0.781341 1.055770 -0.082017
v 0.776838 1.052082 -0.072884
v 0.772406 1.044484 -0.066567
v 0.768920 1.034480 -0.064318
v 0.767071 1.024052 -0.066581
v 0.790335 1.008806 -0.058602
v 0.795125 1.002624 -0.066094
v 0.801967 1.000749 -0.074277
v 0.809504 1.003551 -0.081531
v 0.816244 1.010476 -0.086419
v 0.820852 1.020153 -0.087974
v 0.822415 1.030664 -0.085886
v 0.820624 1.039928 -0.080570
v 0.815834 1.046110 -0.073079
v 0.808992 1.047985 -0.064896
v 0.801455 1.045183 -0.057642
v 0.794715 1.038257 -0.052754
v 0.790107 1.028581 -0.051199
v 0.788544 1.018070 -0.053287
v 0.806418 1.002468 -0.037305
v 0.812978 0.995558 -0.042453
v 0.822025 0.992775 -0.047715
v 0.831767 0.994671 -0.052050
v 0.840274 1.000869 -0.054598
v 0.845861 1.010143 -0.054856
v 0.847422 1.020655 -0.052771
v 0.844648 1.030323 -0.048758
v 0.838087 1.037233 -0.043610
v 0.829040 1.040016 -0.038348
v 0.819299 1.038120 -0.034013
v 0.810792 1.031922 -0.031464
v 0.805204 1.022648 -0.031207
v 0.803643 1.012136 -0.033291
v 0.813601 0.996239 -0.012058
v 0.820905 0.988655 -0.014591
v 0.830930 0.984987 -0.016418
v 0.841689 0.985960 -0.017177
v 0.851052 0.991383 -0.016717
v 0.857164 1.000182 -0.015130
v 0.858815 1.010612 -0.012730
v 0.855678 1.020610 -0.009993
v 0.848373 1.028194 -0.007460
v 0.838349 1.031862 -0.005633
v 0.827589 1.030888 -0.004874
v 0.818226 1.025465 -0.005334
v 0.812114 1.016667 -0.006921
v 0.810463 1.006236 -0.009321
v 0.811215 0.990105 0.013696
v 0.818290 0.981906 0.013631
v 0.827996 0.977381 0.015246
v 0.838409 0.977426 0.018220
v 0.847468 0.982031 0.021965
v 0.853377 0.990285 0.025737
v 0.854967 1.000553 0.028791
v 0.851923 1.010801 0.030522
v 0.844848 1.018999 0.030586
v 0.835142 1.023525 0.028971
v 0.824729 1.023480 0.025997
v 0.815670 1.018875 0.022253
v 0.809761 1.010621 0.018480
v 0.808170 1.000353 0.015426
v 0.799831 0.984052 0.036556
v 0.805917 0.975303 0.038480
v 0.814146 0.969956 0.043061
v 0.822887 0.969071 0.049392
v 0.830411 0.972822 0.056219
v 0.835226 0.980467 0.062190
v 0.836379 0.990492 0.066122
v 0.833642 1.000911 0.067237
v 0.827556 1.009660 0.065313
v 0.819327 1.015007 0.060732
v 0.810585 1.015892 0.054401
v 0.803062 1.012141 0.047573
v 0.798247 1.004496 0.041603
v 0.797094 0.994471 0.037671
v 0.781155 0.978065 0.053582
v 0.785804 0.968834 0.056816
v 0.791708 0.962707 0.063516
v 0.797699 0.960899 0.072354
v 0.802590 0.963768 0.081581
v 0.805412 0.970744 0.089369
v 0.805607 0.980447 0.094175
v 0.803135 0.990955 0.095047
v 0.798486 1.000186 0.091813
v 0.792582 1.006313 0.085113
v 0.786591 1.008121 0.076274
v 0.781700 1.005253 0.067047
v 0.778878 0.998276 0.059260
v 0.778683 0.988573 0.054454
v 0.757779 0.972129 0.062637
v 0.760886 0.962487 0.066469
v 0.764038 0.955629 0.074235
v 0.766611 0.952912 0.084398
v 0.768096 0.954875 0.094944
v 0.768199 0.961128 0.103786
v 0.766898 0.970434 0.109171
v 0.764452 0.980949 0.110033
v 0.761346 0.990590 0.106201
v 0.758194 0.997448 0.098435
v 0.755621 1.000165 0.088272
v 0.754136 0.998203 0.077726
v 0.754033 0.991949 0.068885
v 0.755334 0.982643 0.063500
v 0.732850 0.966227 0.062637
v 0.734607 0.956251 0.066469
v 0.735024 0.948714 0.074235
v 0.734017 0.945110 0.084398
v 0.731788 0.946152 0.094944
v 0.728776 0.951633 0.103786
v 0.725579 0.960469 0.109171
v 0.722830 0.970908 0.110033
v 0.721073 0.980884 0.106201
v 0.720656 0.988420 0.098435
v 0.721662 0.992025 0.088272
v 0.723892 0.990983 0.077726
v 0.726903 0.985502 0.068885
v 0.730101 0.976666 0.063500
v 0.709673 0.960343 0.053659
v 0.710465 0.950111 0.057116
v 0.708552 0.941955 0.063980
v 0.704315 0.937491 0.072891
v 0.698590 0.937604 0.082084
v 0.692514 0.942271 0.089738
v 0.687288 0.950567 0.094337
v 0.683949 0.960849 0.094970
v 0.683156 0.971082 0.091513
v 0.685069 0.979237 0.084649
v 0.689307 0.983701 0.075738
v 0.695031 0.983588 0.066545
v 0.701108 0.978922 0.058891
v 0.706333 0.970626 0.054292
v 0.691310 0.954461 0.036919
v 0.691576 0.944052 0.039897
v 0.688008 0.935341 0.045251
v 0.681313 0.930053 0.051922
v 0.672817 0.929236 0.058588
v 0.664202 0.933051 0.063928
v 0.657175 0.940743 0.066885
v 0.653128 0.950788 0.066874
v 0.652862 0.961197 0.063896
v 0.656430 0.969908 0.058541
v 0.663126 0.975196 0.051871
v 0.671622 0.976013 0.045205
v 0.680236 0.972198 0.039865
v 0.687263 0.964507 0.036907
v 0.680209 0.948565 0.014624
v 0.680304 0.938061 0.017259
v 0.675859 0.928863 0.020854
v 0.667757 0.922792 0.024697
v 0.657600 0.921051 0.028028
v 0.647401 0.923985 0.030187
v 0.639180 0.931012 0.030745
v 0.634565 0.940742 0.029593
v 0.634470 0.951246 0.026959
v 0.638914 0.960444 0.023364
v 0.647017 0.966515 0.019520
v 0.657174 0.968256 0.016189
v 0.667373 0.965322 0.014031
v 0.675594 0.958294 0.013472
v 0.677899 0.942638 -0.010298
v 0.677989 0.932121 -0.007716
v 0.673391 0.922508 -0.005789
v 0.665014 0.915701 -0.004899
v 0.654519 0.913050 -0.005223
v 0.643983 0.915080 -0.006696
v 0.635494 0.921388 -0.009027
v 0.630733 0.930726 -0.011753
v 0.630643 0.941243 -0.014335
v 0.635242 0.950856 -0.016262
v 0.643619 0.957663 -0.017152
v 0.654114 0.960314 -0.016828
v 0.664650 0.958284 -0.015355
v 0.673138 0.951976 -0.013024
v 0.684800 0.936665 -0.034552
v 0.684814 0.926217 -0.031701
v 0.680591 0.916263 -0.031094
v 0.672967 0.908775 -0.032852
v 0.663453 0.905235 -0.036625
v 0.653933 0.906344 -0.041667
v 0.646293 0.911884 -0.046980
v 0.642045 0.920756 -0.051511
v 0.642032 0.931204 -0.054362
v 0.646255 0.941158 -0.054969
v 0.653879 0.948647 -0.053211
v 0.663392 0.952187 -0.049438
v 0.672912 0.951077 -0.044395
v 0.680553 0.945538 -0.039083
v 0.700148 0.930630 -0.054876
v 0.699795 0.920333 -0.051539
v 0.696209 0.910117 -0.051776
v 0.690102 0.902004 -0.055541
v 0.682682 0.897603 -0.062088
v 0.675420 0.897784 -0.070120
v 0.669753 0.902511 -0.078046
v 0.666804 0.910849 -0.084297
v 0.667158 0.921146 -0.087634
v 0.670743 0.931362 -0.087396
v 0.676851 0.939474 -0.083631
v 0.684270 0.943876 -0.077085
v 0.691533 0.943695 -0.069053
v 0.697199 0.938968 -0.061127
v 0.722066 0.924517 -0.068447
v 0.720919 0.914452 -0.064619
v 0.717959 0.904053 -0.065244
v 0.713773 0.895380 -0.070198
v 0.709190 0.890152 -0.078501
v 0.705118 0.889402 -0.088508
v 0.702362 0.893281 -0.098237
v 0.701470 0.901019 -0.105761
v 0.702617 0.911084 -0.109589
v 0.705577 0.921483 -0.108964
v 0.709763 0.930156 -0.104010
v 0.714346 0.935385 -0.095707
v 0.718419 0.936134 -0.085700
v 0.721174 0.932255 -0.075971
v 0.747772 0.918312 -0.073252
v 0.745394 0.908557 -0.069194
v 0.742835 0.898057 -0.069894
v 0.740602 0.888892 -0.075213
v 0.739136 0.882877 -0.084099
v 0.738728 0.881204 -0.094791
v 0.739459 0.884203 -0.105172
v 0.741184 0.891281 -0.113185
v 0.743561 0.901036 -0.117243
v 0.746120 0.911536 -0.116543
v 0.748354 0.920701 -0.111224
v 0.749820 0.926716 -0.102338
v 0.750227 0.928390 -0.091646
v 0.749497 0.925390 -0.081265
v 0.773896 0.912002 -0.068369
v 0.769986 0.902633 -0.064597
v 0.767503 0.892114 -0.065283
v 0.766937 0.882528 -0.070290
v 0.768402 0.875774 -0.078628
v 0.771607 0.873190 -0.088645
v 0.775917 0.875286 -0.098356
v 0.780479 0.881649 -0.105839
v 0.784389 0.891017 -0.109611
v 0.786872 0.901536 -0.108925
v 0.787438 0.911122 -0.103918
v 0.785973 0.917876 -0.095580
v 0.782768 0.920461 -0.085563
v 0.778458 0.918365 -0.075852
v 0.796899 0.905573 -0.054126
v 0.791412 0.896664 -0.051330
v 0.788712 0.886208 -0.052150
v 0.789333 0.876277 -0.056424
v 0.793151 0.868836 -0.063304
v 0.799412 0.865360 -0.071429
v 0.806874 0.866538 -0.079189
v 0.814060 0.872135 -0.085047
v 0.819547 0.881044 -0.087842
v 0.822247 0.891500 -0.087022
v 0.821626 0.901431 -0.082749
v 0.817807 0.908872 -0.075868
v 0.811547 0.912348 -0.067744
v 0.804085 0.911170 -0.059984
v 0.813521 0.899013 -0.032114
v 0.806748 0.890634 -0.031023
v 0.803695 0.880323 -0.032310
v 0.804967 0.870123 -0.035720
v 0.810313 0.862054 -0.040579
v 0.818673 0.857715 -0.045923
v 0.828392 0.857964 -0.050694
v 0.837544 0.862752 -0.053948
v 0.844318 0.871132 -0.055040
v 0.847371 0.881442 -0.053753
v 0.846098 0.891642 -0.050343
v 0.840753 0.899711 -0.045484
v 0.832392 0.904050 -0.040140
v 0.822674 0.903801 -0.035368
v 0.817806 0.895093 -0.016211
v 0.810545 0.887062 -0.016441
v 0.807306 0.876883 -0.018229
v 0.808734 0.866573 -0.021221
v 0.814543 0.858174 -0.024824
v 0.823584 0.853348 -0.028325
v 0.834067 0.853053 -0.031030
v 0.843914 0.857346 -0.032403
v 0.851176 0.865377 -0.032173
v 0.854414 0.875555 -0.030384
v 0.852987 0.885865 -0.027393
v 0.847178 0.894265 -0.023790
v 0.838136 0.899090 -0.020289
v 0.827654 0.899386 -0.017584
vn 0.2361 -0.2405 0.9415
vn -0.9559 0.2330 -0.1787
vn -0.9559 0.2329 -0.1787
vn 0.2391 0.2129 -0.9474
vn 0.2926 0.6021 -0.7429
vn 0.2885 0.8743 -0.3904
vn 0.2291 0.9725 0.0425
vn 0.1275 0.8744 0.4681
vn 0.0045 0.6013 0.7990
vn -0.1175 0.2114 0.9703
vn -0.2180 -0.2177 0.9513
vn -0.2784 -0.6050 0.7460
vn -0.2837 -0.8753 0.3916
vn -0.2290 -0.9725 -0.0425
vn -0.1243 -0.8754 -0.4672
vn 0.0075 -0.6049 -0.7963
vn 0.1375 -0.2168 -0.9665
vn 0.5484 0.1303 -0.8260
vn 0.5497 0.5312 -0.6447
vn 0.4425 0.8321 -0.3345
vn 0.2443 0.9686 0.0465
vn -0.0043 0.9081 0.4187
vn -0.2497 0.6652 0.7037
vn -0.4424 0.2945 0.8471
vn -0.5479 -0.1305 0.8263
vn -0.5482 -0.5316 0.6457
vn -0.4410 -0.8325 0.3354
vn -0.2440 -0.9687 -0.0463
vn 0.0032 -0.9078 -0.4194
vn 0.2480 -0.6647 -0.7047
vn 0.4414 -0.2942 -0.8477
vn 0.8038 0.0461 -0.5931
vn 0.7705 0.4577 -0.4436
vn 0.5856 0.7841 -0.2058
vn 0.2804 0.9569 0.0759
vn -0.0834 0.9356 0.3431
vn -0.4278 0.7253 0.5393
vn -0.6831 0.3743 0.6271
vn -0.8037 -0.0461 0.5932
vn -0.7695 -0.4581 0.4449
vn -0.5845 -0.7845 0.2073
vn -0.2800 -0.9570 -0.0754
vn 0.0828 -0.9354 -0.3439
vn 0.4267 -0.7249 -0.5409
vn 0.6823 -0.3739 -0.6282
vn 0.9585 -0.0385 -0.2824
vn 0.9100 0.3809 -0.1634
vn 0.6834 0.7300 -0.0117
vn 0.3170 0.9375 0.1438
vn -0.1163 0.9556 0.2707
vn -0.5241 0.7799 0.3422
vn -0.8228 0.4514 0.3454
vn -0.9586 0.0386 0.2822
vn -0.9096 -0.3813 0.1648
vn -0.6828 -0.7304 0.0136
vn -0.3167 -0.9377 -0.1429
vn 0.1161 -0.9554 -0.2714
vn 0.5236 -0.7795 -0.3440
vn 0.8223 -0.4510 -0.3470
vn 0.9905 -0.1228 0.0620
vn 0.9400 0.3014 0.1601
vn 0.7063 0.6703 0.2276
vn 0.3291 0.9105 0.2502
vn -0.1180 0.9679 0.2217
vn -0.5401 0.8285 0.1482
vn -0.8497 0.5252 0.0465
vn -0.9904 0.1230 -0.0625
vn -0.9401 -0.3017 -0.1589
vn -0.7065 -0.6708 -0.2256
vn -0.3292 -0.9109 -0.2489
vn 0.1180 -0.9679 -0.2221
vn 0.5402 -0.8281 -0.1499
vn 0.8499 -0.5247 -0.0482
vn 0.8970 -0.2063 0.3911
vn 0.8484 0.2197 0.4816
vn 0.6352 0.6056 0.4793
vn 0.2938 0.8764 0.3816
vn -0.1104 0.9725 0.2053
vn -0.4919 0.8705 -0.0130
vn -0.7712 0.5951 -0.2261
vn -0.8966 0.2065 -0.3918
vn -0.8488 -0.2200 -0.4808
vn -0.6361 -0.6061 -0.4776
vn -0.2944 -0.8768 -0.3803
vn 0.1104 -0.9725 -0.2053
vn 0.4926 -0.8702 0.0116
vn 0.7720 -0.5946 0.2244
vn 0.6948 -0.2883 0.6589
vn 0.6427 0.1365 0.7539
vn 0.4663 0.5364 0.7034
vn 0.1963 0.8354 0.5135
vn -0.1161 0.9691 0.2175
vn -0.4053 0.9058 -0.1236
vn -0.6106 0.6606 -0.4367
vn -0.6939 0.2885 -0.6597
vn -0.6431 -0.1366 -0.7535
vn -0.4677 -0.5368 -0.7022
vn -0.1975 -0.8358 -0.5123
vn 0.1159 -0.9692 -0.2173
vn 0.4062 -0.9055 0.1227
vn 0.6121 -0.6601 0.4354
vn 0.4171 -0.3682 0.8309
vn 0.3490 0.0523 0.9357
vn 0.2135 0.4632 0.8601
vn 0.0350 0.7878 0.6150
vn -0.1523 0.9580 0.2430
vn -0.3091 0.9338 -0.1801
vn -0.4025 0.7211 -0.5640
vn -0.4158 0.3685 -0.8314
vn -0.3492 -0.0523 -0.9356
vn -0.2150 -0.4636 -0.8595
vn -0.0367 -0.7882 -0.6143
vn 0.1517 -0.9581 -0.2428
vn 0.3100 -0.9336 0.1797
vn 0.4043 -0.7206 0.5633
vn 0.1074 -0.4454 0.8888
vn 0.0078 -0.0323 0.9994
vn -0.0932 0.3867 0.9175
vn -0.1767 0.7341 0.6556
vn -0.2254 0.9391 0.2592
vn -0.2282 0.9544 -0.1924
vn -0.1848 0.7761 -0.6029
vn -0.1058 0.4458 -0.8888
vn -0.0077 0.0324 -0.9994
vn 0.0918 -0.3870 -0.9175
vn 0.1748 -0.7346 -0.6556
vn 0.2245 -0.9394 -0.2592
vn 0.2289 -0.9542 0.1924
vn 0.1866 -0.7757 0.6029
vn -0.1886 -0.5195 0.8334
vn -0.3324 -0.1167 0.9359
vn -0.4118 0.3073 0.8579
vn -0.4116 0.6749 0.6125
vn -0.3289 0.9128 0.2422
vn -0.1784 0.9673 -0.1802
vn 0.0080 0.8251 -0.5649
vn 0.1903 0.5199 -0.8328
vn 0.3328 0.1168 -0.9357
vn 0.4107 -0.3076 -0.8583
vn 0.4098 -0.6753 -0.6132
vn 0.3278 -0.9131 -0.2426
vn 0.1788 -0.9672 0.1804
vn -0.0064 -0.8247 0.5655
vn -0.4306 -0.5897 0.6833
vn -0.6236 -0.2002 0.7557
vn -0.6955 0.2258 0.6821
vn -0.6330 0.6105 0.4760
vn -0.4439 0.8792 0.1733
vn -0.1628 0.9724 -0.1672
vn 0.1516 0.8677 -0.4734
vn 0.4320 0.5901 -0.6820
vn 0.6242 0.2004 -0.7552
vn 0.6948 -0.2260 -0.6827
vn 0.6315 -0.6110 -0.4773
vn 0.4428 -0.8795 -0.1743
vn 0.1628 -0.9724 0.1672
vn -0.1504 -0.8673 0.4745
vn -0.5907 -0.6555 0.4705
vn -0.8262 -0.2823 0.4875
vn -0.9008 0.1426 0.4101
vn -0.8015 0.5416 0.2533
vn -0.5429 0.8386 0.0451
vn -0.1716 0.9696 -0.1742
vn 0.2355 0.9034 -0.3582
vn 0.5916 0.6560 -0.4688
vn 0.8267 0.2826 -0.4865
vn 0.9005 -0.1428 -0.4106
vn 0.8007 -0.5421 -0.2550
vn 0.5421 -0.8390 -0.0465
vn 0.1714 -0.9697 0.1740
vn -0.2349 -0.9031 0.3594
vn -0.6573 -0.7164 0.2341
vn -0.9159 -0.3624 0.1726
vn -0.9952 0.0585 0.0781
vn -0.8828 0.4687 -0.0317
vn -0.5959 0.7915 -0.1360
vn -0.1856 0.9591 -0.2138
vn 0.2642 0.9320 -0.2481
vn 0.6574 0.7168 -0.2322
vn 0.9160 0.3627 -0.1712
vn 0.9952 -0.0585 -0.0783
vn 0.8826 -0.4691 0.0300
vn 0.5957 -0.7919 0.1342
vn 0.1856 -0.9592 0.2132
vn -0.2641 -0.9318 0.2491
vn -0.6357 -0.7718 0.0122
vn -0.8867 -0.4399 -0.1421
vn -0.9632 -0.0261 -0.2675
vn -0.8541 0.3924 -0.3414
vn -0.5772 0.7383 -0.3490
vn -0.1814 0.9408 -0.2864
vn 0.2537 0.9532 -0.1648
vn 0.6352 0.7723 -0.0104
vn 0.8863 0.4403 0.1436
vn 0.9632 0.0261 0.2676
vn 0.8545 -0.3928 0.3400
vn 0.5777 -0.7387 0.3471
vn 0.1817 -0.9410 0.2855
vn -0.2539 -0.9530 0.1655
vn -0.5461 -0.8213 -0.1649
vn -0.7519 -0.5142 -0.4126
vn -0.8089 -0.1105 -0.5775
vn -0.7099 0.3132 -0.6308
vn -0.4722 0.6794 -0.5616
vn -0.1377 0.9150 -0.3793
vn 0.2273 0.9666 -0.1182
vn 0.5451 0.8217 0.1663
vn 0.7509 0.5146 0.4140
vn 0.8086 0.1106 0.5778
vn 0.7107 -0.3135 0.6298
vn 0.4734 -0.6799 0.5601
vn 0.1384 -0.9152 0.3784
vn -0.2276 -0.9665 0.1185
vn -0.4177 -0.8644 -0.2798
vn -0.5404 -0.5847 -0.6051
vn -0.5556 -0.1941 -0.8084
vn -0.4637 0.2318 -0.8551
vn -0.2815 0.6154 -0.7362
vn -0.0415 0.8819 -0.4697
vn 0.2088 0.9723 -0.1052
vn 0.4164 0.8648 0.2806
vn 0.5387 0.5851 0.6061
vn 0.5550 0.1943 0.8089
vn 0.4645 -0.2321 0.8546
vn 0.2831 -0.6159 0.7352
vn 0.0428 -0.8822 0.4689
vn -0.2088 -0.9723 0.1052
vn -0.2819 -0.9008 -0.3304
vn -0.2906 -0.6508 -0.7014
vn -0.2417 -0.2764 -0.9302
vn -0.1463 0.1488 -0.9780
vn -0.0224 0.5468 -0.8370
vn 0.1070 0.8418 -0.5291
vn 0.2158 0.9701 -0.1109
vn 0.2806 0.9011 0.3306
vn 0.2887 0.6513 0.7018
vn 0.2406 0.2766 0.9304
vn 0.1469 -0.1489 0.9779
vn 0.0242 -0.5473 0.8366
vn -0.1054 -0.8422 0.5288
vn -0.2156 -0.9702 0.1108
vn -0.1658 -0.9299 -0.3283
vn -0.0434 -0.7121 -0.7007
vn 0.0864 -0.3566 -0.9302
vn 0.1987 0.0647 -0.9779
vn 0.2728 0.4742 -0.8371
vn 0.2938 0.7952 -0.5305
vn 0.2555 0.9601 -0.1136
vn 0.1648 0.9302 0.3281
vn 0.0415 0.7126 0.7004
vn -0.0878 0.3570 0.9300
vn -0.1984 -0.0647 0.9780
vn -0.2711 -0.4746 0.8374
vn -0.2920 -0.7956 0.5308
vn -0.2549 -0.9603 0.1137
vn -0.0861 -0.9517 -0.2948
vn 0.1657 -0.7679 -0.6187
vn 0.3820 -0.4343 -0.8158
vn 0.5222 -0.0199 -0.8526
vn 0.5619 0.3981 -0.7251
vn 0.4918 0.7424 -0.4549
vn 0.3221 0.9424 -0.0905
vn 0.0854 0.9519 0.2944
vn -0.1673 0.7684 0.6177
vn -0.3833 0.4347 0.8149
vn -0.5223 0.0199 0.8525
vn -0.5606 -0.3985 0.7259
vn -0.4902 -0.7428 0.4559
vn -0.3213 -0.9426 0.0910
vn -0.0464 -0.9658 -0.2551
vn 0.3129 -0.8179 -0.4828
vn 0.6061 -0.5088 -0.6114
vn 0.7782 -0.1043 -0.6192
vn 0.8002 0.3191 -0.5078
vn 0.6664 0.6839 -0.2969
vn 0.3979 0.9171 -0.0245
vn 0.0462 0.9659 0.2548
vn -0.3140 0.8183 0.4814
vn -0.6071 0.5093 0.6099
vn -0.7785 0.1044 0.6189
vn -0.7994 -0.3194 0.5088
vn -0.6653 -0.6844 0.2985
vn -0.3972 -0.9174 0.0254
vn -0.0377 -0.9721 -0.2314
vn 0.3892 -0.8615 -0.3261
vn 0.7340 -0.5796 -0.3540
vn 0.9312 -0.1880 -0.3121
vn 0.9483 0.2379 -0.2102
vn 0.7815 0.6203 -0.0670
vn 0.4576 0.8845 0.0908
vn 0.0377 0.9721 0.2313
vn -0.3897 0.8619 0.3246
vn -0.7345 0.5801 0.3522
vn -0.9315 0.1882 0.3114
vn -0.9480 -0.2381 0.2111
vn -0.7810 -0.6207 0.0689
vn -0.4572 -0.8849 -0.0894
vn -0.0411 -0.9706 -0.2372
vn 0.4009 -0.8983 -0.1796
vn 0.7584 -0.6461 -0.0860
vn 0.9625 -0.2704 0.0237
vn 0.9796 0.1549 0.1283
vn 0.8074 0.5520 0.2084
vn 0.4739 0.8450 0.2480
vn 0.0410 0.9705 0.2374
vn -0.4008 0.8986 0.1783
vn -0.7582 0.6466 0.0841
vn -0.9624 0.2707 -0.0248
vn -0.9796 -0.1551 -0.1277
vn -0.8076 -0.5524 -0.2066
vn -0.4740 -0.8454 -0.2463
vn -0.0336 -0.9612 -0.2736
vn 0.3665 -0.9280 -0.0664
vn 0.6897 -0.7078 0.1531
vn 0.8725 -0.3508 0.3400
vn 0.8852 0.0708 0.4598
vn 0.7271 0.4796 0.4912
vn 0.4247 0.7988 0.4261
vn 0.0334 0.9611 0.2741
vn -0.3660 0.9283 0.0655
vn -0.6888 0.7082 -0.1548
vn -0.8719 0.3511 -0.3412
vn -0.8853 -0.0709 -0.4596
vn -0.7279 -0.4801 -0.4897
vn -0.4255 -0.7992 -0.4245
vn 0.0050 -0.9441 -0.3295
vn 0.3112 -0.9503 0.0029
vn 0.5525 -0.7640 0.3331
vn 0.6810 -0.4287 0.5936
vn 0.6761 -0.0137 0.7367
vn 0.5409 0.4038 0.7378
vn 0.2989 0.7464 0.5946
vn -0.0057 0.9439 0.3301
vn -0.3106 0.9505 -0.0034
vn -0.5511 0.7645 -0.3344
vn -0.6799 0.4291 -0.5947
vn -0.6760 0.0137 -0.7367
vn -0.5420 -0.4041 -0.7368
vn -0.3003 -0.7469 -0.5933
vn 0.0870 -0.9195 -0.3834
vn 0.2603 -0.9650 0.0313
vn 0.3800 -0.8145 0.4385
vn 0.4222 -0.5035 0.7538
vn 0.3815 -0.0982 0.9192
vn 0.2674 0.3250 0.9071
vn 0.1005 0.6884 0.7184
vn -0.0881 0.9192 0.3838
vn -0.2599 0.9651 -0.0315
vn -0.3783 0.8149 -0.4391
vn -0.4205 0.5039 -0.7545
vn -0.3811 0.0983 -0.9193
vn -0.2686 -0.3253 -0.9067
vn -0.1024 -0.6888 -0.7177
vn 0.2118 -0.8875 -0.4093
vn 0.2329 -0.9719 0.0337
vn 0.2064 -0.8585 0.4694
vn 0.1384 -0.5746 0.8067
vn 0.0439 -0.1819 0.9823
vn -0.0588 0.2439 0.9680
vn -0.1506 0.6251 0.7659
vn -0.2132 0.8872 0.4093
vn -0.2328 0.9720 -0.0337
vn -0.2048 0.8589 -0.4694
vn -0.1366 0.5750 -0.8066
vn -0.0431 0.1821 -0.9823
vn 0.0578 -0.2441 -0.9680
vn 0.1486 -0.6256 -0.7659
vn 0.3653 -0.8485 -0.3829
vn 0.2371 -0.9710 0.0316
vn 0.0603 -0.8959 0.4402
vn -0.1274 -0.6414 0.7565
vn -0.2882 -0.2644 0.9204
vn -0.3925 0.1610 0.9056
vn -0.4212 0.5571 0.7157
vn -0.3668 0.8481 0.3824
vn -0.2373 0.9709 -0.0317
vn -0.0590 0.8962 -0.4397
vn 0.1292 0.6419 -0.7558
vn 0.2891 0.2647 -0.9200
vn 0.3919 -0.1612 -0.9058
vn 0.4195 -0.5576 -0.7163
vn 0.5218 -0.8028 -0.2885
vn 0.2682 -0.9622 0.0475
vn -0.0410 -0.9261 0.3750
vn -0.3399 -0.7034 0.6242
vn -0.5684 -0.3450 0.7470
vn -0.6853 0.0770 0.7242
vn -0.6702 0.4851 0.5617
vn -0.5231 0.8024 0.2873
vn -0.2686 0.9621 -0.0479
vn 0.0418 0.9264 -0.3743
vn 0.3413 0.7039 -0.6229
vn 0.5693 0.3453 -0.7461
vn 0.6851 -0.0771 -0.7244
vn 0.6690 -0.4855 -0.5628
vn 0.6488 -0.7509 -0.1234
vn 0.3100 -0.9457 0.0982
vn -0.0938 -0.9490 0.3011
vn -0.4766 -0.7601 0.4417
vn -0.7605 -0.4231 0.4926
vn -0.8943 -0.0075 0.4473
vn -0.8559 0.4094 0.3159
vn -0.6496 0.7505 0.1217
vn -0.3104 0.9455 -0.0989
vn 0.0942 0.9492 -0.3004
vn 0.4774 0.7606 -0.4400
vn 0.7612 0.4235 -0.4912
vn 0.8943 0.0075 -0.4473
vn 0.8552 -0.4098 -0.3173
vn 0.7138 -0.6933 0.0994
vn 0.3388 -0.9215 0.1897
vn -0.1079 -0.9642 0.2422
vn -0.5313 -0.8110 0.2451
vn -0.8440 -0.4981 0.1988
vn -0.9892 -0.0920 0.1139
vn -0.9437 0.3309 0.0073
vn -0.7140 0.6928 -0.1014
vn -0.3389 0.9213 -0.1908
vn 0.1079 0.9643 -0.2417
vn 0.5314 0.8114 -0.2434
vn 0.8442 0.4986 -0.1970
vn 0.9893 0.0921 -0.1136
vn 0.9435 -0.3312 -0.0086
vn 0.6916 -0.6304 0.3525
vn 0.3298 -0.8901 0.3147
vn -0.1024 -0.9717 0.2129
vn -0.5133 -0.8555 0.0678
vn -0.8171 -0.5695 -0.0898
vn -0.9576 -0.1758 -0.2284
vn -0.9130 0.2499 -0.3224
vn -0.6911 0.6299 -0.3544
vn -0.3294 0.8897 -0.3160
vn 0.1024 0.9717 -0.2128
vn 0.5129 0.8559 -0.0663
vn 0.8165 0.5700 0.0916
vn 0.9574 0.1760 0.2290
vn 0.9133 -0.2501 0.3215
vn 0.5705 -0.5627 0.5982
vn 0.2633 -0.8516 0.4533
vn -0.1006 -0.9713 0.2155
vn -0.4444 -0.8934 -0.0666
vn -0.6955 -0.6367 -0.3331
vn -0.8069 -0.2584 -0.5312
vn -0.7618 0.1671 -0.6258
vn -0.5694 0.5623 -0.5997
vn -0.2624 0.8512 -0.4546
vn 0.1007 0.9713 -0.2156
vn 0.4435 0.8937 0.0677
vn 0.6943 0.6371 0.3346
vn 0.8062 0.2587 0.5320
vn 0.7622 -0.1673 0.6253
vn 0.3555 -0.4909 0.7954
vn 0.1311 -0.8064 0.5767
vn -0.1227 -0.9631 0.2395
vn -0.3524 -0.9241 -0.1476
vn -0.5090 -0.6991 -0.5023
vn -0.5629 -0.3392 -0.7537
vn -0.5074 0.0832 -0.8577
vn -0.3540 0.4905 -0.7963
vn -0.1296 0.8060 -0.5776
vn 0.1232 0.9630 -0.2398
vn 0.3515 0.9244 0.1482
vn 0.5073 0.6995 0.5033
vn 0.5618 0.3395 0.7544
vn 0.5077 -0.0833 0.8575
vn 0.0693 -0.4155 0.9070
vn -0.0607 -0.7549 0.6530
vn -0.1808 -0.9471 0.2650
vn -0.2648 -0.9475 -0.1790
vn -0.2944 -0.7562 -0.5844
vn -0.2649 -0.4175 -0.8692
vn -0.1841 -0.0013 -0.9829
vn -0.0678 0.4151 -0.9072
vn 0.0626 0.7545 -0.6533
vn 0.1816 0.9469 -0.2652
vn 0.2640 0.9477 0.1792
vn 0.2925 0.7566 0.5848
vn 0.2634 0.4178 0.8695
vn 0.1841 0.0013 0.9829
vn -0.2509 -0.3370 0.9074
vn -0.2912 -0.6977 0.6546
vn -0.2745 -0.9236 0.2677
vn -0.2021 -0.9633 -0.1764
vn -0.0886 -0.8074 -0.5833
vn 0.0417 -0.4927 -0.8692
vn 0.1627 -0.0858 -0.9829
vn 0.2522 0.3367 -0.9072
vn 0.2931 0.6972 -0.6542
vn 0.2756 0.9233 -0.2675
vn 0.2016 0.9635 0.1764
vn 0.0868 0.8079 0.5829
vn -0.0434 0.4932 0.8689
vn -0.1630 0.0859 0.9829
vn -0.5595 -0.2562 0.7883
vn -0.5271 -0.6351 0.5646
vn -0.3903 -0.8926 0.2256
vn -0.1733 -0.9714 -0.1624
vn 0.0789 -0.8525 -0.5168
vn 0.3130 -0.5644 -0.7638
vn 0.4835 -0.1697 -0.8587
vn 0.5603 0.2559 -0.7877
vn 0.5288 0.6347 -0.5636
vn 0.3914 0.8923 -0.2249
vn 0.1731 0.9714 0.1623
vn -0.0803 0.8529 0.5159
vn -0.3146 0.5649 0.7629
vn -0.4841 0.1699 0.8583
vn -0.8100 -0.1734 0.5602
vn -0.7293 -0.5678 0.3818
vn -0.5039 -0.8546 0.1252
vn -0.1746 -0.9716 -0.1597
vn 0.1908 -0.8908 -0.4123
vn 0.5147 -0.6319 -0.5794
vn 0.7340 -0.2524 -0.6305
vn 0.8104 0.1733 -0.5596
vn 0.7304 0.5674 -0.3803
vn 0.5049 0.8542 -0.1239
vn 0.1746 0.9716 0.1599
vn -0.1916 0.8912 0.4112
vn -0.5159 0.6324 0.5779
vn -0.7346 0.2527 0.6297
vn -0.9635 -0.0895 0.2521
vn -0.8595 -0.4963 0.1221
vn -0.5856 -0.8099 -0.0340
vn -0.1906 -0.9640 -0.1856
vn 0.2445 -0.9221 -0.2998
vn 0.6271 -0.6947 -0.3523
vn 0.8815 -0.3333 -0.3344
vn 0.9637 0.0894 -0.2518
vn 0.8600 0.4959 -0.1204
vn 0.5860 0.8095 0.0357
vn 0.1907 0.9639 0.1860
vn -0.2448 0.9224 0.2987
vn -0.6277 0.6951 0.3505
vn -0.8819 0.3336 0.3331
vn -0.9956 -0.0049 -0.0934
vn -0.8884 -0.4211 -0.1826
vn -0.6063 -0.7589 -0.2376
vn -0.1990 -0.9486 -0.2462
vn 0.2510 -0.9461 -0.2048
vn 0.6476 -0.7522 -0.1218
vn 0.9111 -0.4118 -0.0153
vn 0.9956 0.0049 0.0934
vn 0.8883 0.4207 0.1842
vn 0.6061 0.7585 0.2395
vn 0.1989 0.9484 0.2470
vn -0.2509 0.9463 0.2039
vn -0.6475 0.7526 0.1199
vn -0.9110 0.4122 0.0138
vn -0.9006 0.0797 -0.4273
vn -0.8015 -0.3429 -0.4899
vn -0.5452 -0.7021 -0.4580
vn -0.1766 -0.9256 -0.3349
vn 0.2307 -0.9625 -0.1430
vn 0.5897 -0.8039 0.0776
vn 0.8269 -0.4873 0.2805
vn 0.9007 -0.0796 0.4270
vn 0.8009 0.3425 0.4911
vn 0.5444 0.7016 0.4598
vn 0.1761 0.9253 0.3359
vn -0.2305 0.9626 0.1425
vn -0.5889 0.8043 -0.0792
vn -0.8261 0.4878 -0.2821
vn -0.6928 0.1638 -0.7023
vn -0.6029 -0.2622 -0.7535
vn -0.3951 -0.6399 -0.6591
vn -0.1057 -0.8951 -0.4331
vn 0.2080 -0.9711 -0.1173
vn 0.4788 -0.8494 0.2220
vn 0.6506 -0.5593 0.5137
vn 0.6932 -0.1636 0.7019
vn 0.6021 0.2619 0.7542
vn 0.3937 0.6394 0.6604
vn 0.1047 0.8948 0.4340
vn -0.2078 0.9711 0.1172
vn -0.4776 0.8498 -0.2231
vn -0.6493 0.5597 -0.5149
vn -0.4039 0.2467 -0.8809
vn -0.3154 -0.1796 -0.9318
vn -0.1651 -0.5729 -0.8028
vn 0.0203 -0.8576 -0.5138
vn 0.2039 -0.9719 -0.1181
vn 0.3460 -0.8882 0.3022
vn 0.4169 -0.6271 0.6580
vn 0.4049 -0.2464 0.8806
vn 0.3147 0.1794 0.9321
vn 0.1634 0.5725 0.8035
vn -0.0217 0.8573 0.5144
vn -0.2040 0.9718 0.1181
vn -0.3447 0.8886 -0.3027
vn -0.4151 0.6276 -0.6587
vn -0.0777 0.3278 -0.9416
vn 0.0227 -0.0957 -0.9952
vn 0.1191 -0.5017 -0.8568
vn 0.1938 -0.8134 -0.5485
vn 0.2309 -0.9648 -0.1260
vn 0.2210 -0.9201 0.3235
vn 0.1662 -0.6902 0.7042
vn 0.0790 -0.3275 0.9416
vn -0.0231 0.0956 0.9952
vn -0.1208 0.5012 0.8568
vn -0.1956 0.8130 0.5485
vn -0.2313 0.9647 0.1260
vn -0.2198 0.9204 -0.3235
vn -0.1643 0.6907 -0.7042
vn 0.2383 0.4065 -0.8820
vn 0.3637 -0.0111 -0.9315
vn 0.4190 -0.4267 -0.8014
vn 0.3935 -0.7629 -0.5130
vn 0.2893 -0.9500 -0.1179
vn 0.1256 -0.9446 0.3033
vn -0.0628 -0.7481 0.6606
vn -0.2369 -0.4062 0.8826
vn -0.3637 0.0111 0.9314
vn -0.4205 0.4264 0.8009
vn -0.3953 0.7624 0.5124
vn -0.2900 0.9498 0.1177
vn -0.1248 0.9448 -0.3030
vn 0.0646 0.7486 -0.6599
vn 0.5005 0.4823 -0.7189
vn 0.6589 0.0735 -0.7486
vn 0.6900 -0.3487 -0.6342
vn 0.5874 -0.7064 -0.3949
vn 0.3666 -0.9275 -0.0733
vn 0.0698 -0.9615 0.2657
vn -0.2403 -0.8003 0.5494
vn -0.4993 -0.4819 0.7201
vn -0.6587 -0.0734 0.7488
vn -0.6910 0.3484 0.6333
vn -0.5888 0.7060 0.3936
vn -0.3674 0.9272 0.0725
vn -0.0694 0.9616 -0.2654
vn 0.2416 0.8007 -0.5481
vn 0.6768 0.5546 -0.4841
vn 0.8667 0.1576 -0.4733
vn 0.8888 -0.2681 -0.3716
vn 0.7388 -0.6446 -0.1967
vn 0.4403 -0.8976 0.0201
vn 0.0500 -0.9707 0.2350
vn -0.3500 -0.8463 0.4016
vn -0.6760 -0.5542 0.4858
vn -0.8664 -0.1575 0.4739
vn -0.8893 0.2679 0.3707
vn -0.7396 0.6442 0.1950
vn -0.4409 0.8973 -0.0213
vn -0.0499 0.9708 -0.2348
vn 0.3507 0.8467 -0.4001
vn 0.7514 0.6228 -0.2182
vn 0.9595 0.2406 -0.1462
vn 0.9815 -0.1857 -0.0468
vn 0.8137 -0.5780 0.0625
vn 0.4830 -0.8606 0.1614
vn 0.0512 -0.9721 0.2291
vn -0.3913 -0.8856 0.2500
vn -0.7512 -0.6223 0.2201
vn -0.9595 -0.2404 0.1471
vn -0.9816 0.1855 0.0460
vn -0.8138 0.5775 -0.0643
vn -0.4831 0.8602 -0.1629
vn -0.0512 0.9720 -0.2292
vn 0.3915 0.8860 -0.2486
vn 0.7264 0.6863 0.0370
vn 0.9285 0.3219 0.1849
vn 0.9499 -0.1019 0.2954
vn 0.7880 -0.5070 0.3493
vn 0.4690 -0.8169 0.3358
vn 0.0517 -0.9656 0.2549
vn -0.3774 -0.9180 0.1218
vn -0.7270 -0.6858 -0.0352
vn -0.9289 -0.3216 -0.1837
vn -0.9498 0.1018 -0.2958
vn -0.7875 0.5066 -0.3510
vn -0.4685 0.8165 -0.3375
vn -0.0515 0.9655 -0.2554
vn 0.3771 0.9183 -0.1207
vn 0.6204 0.7445 0.2465
vn 0.7844 0.4008 0.4733
vn 0.7954 -0.0173 0.6058
vn 0.6531 -0.4323 0.6217
vn 0.3811 -0.7668 0.5165
vn 0.0289 -0.9513 0.3069
vn -0.3310 -0.9430 0.0337
vn -0.6216 -0.7441 -0.2450
vn -0.7853 -0.4005 -0.4721
vn -0.7954 0.0173 -0.6059
vn -0.6522 0.4320 -0.6230
vn -0.3800 0.7663 -0.5180
vn -0.0285 0.9511 -0.3075
vn 0.3304 0.9433 -0.0330
vn 0.4632 0.7971 0.3874
vn 0.5551 0.4769 0.6815
vn 0.5387 0.0673 0.8398
vn 0.4188 -0.3545 0.8360
vn 0.2157 -0.7108 0.6695
vn -0.0336 -0.9294 0.3676
vn -0.2779 -0.9605 -0.0112
vn -0.4647 -0.7967 -0.3864
vn -0.5565 -0.4765 -0.6806
vn -0.5390 -0.0673 -0.8396
vn -0.4176 0.3542 -0.8367
vn -0.2141 0.7103 -0.6706
vn 0.0345 0.9291 -0.3681
vn 0.2774 0.9607 0.0115
vn 0.2892 0.8435 0.4526
vn 0.2799 0.5494 0.7873
vn 0.2168 0.1515 0.9644
vn 0.1125 -0.2741 0.9551
vn -0.0149 -0.6493 0.7604
vn -0.1415 -0.9001 0.4122
vn -0.2408 -0.9703 -0.0227
vn -0.2908 -0.8431 -0.4523
vn -0.2817 -0.5490 -0.7869
vn -0.2174 -0.1513 -0.9643
vn -0.1114 0.2739 -0.9553
vn 0.0168 0.6489 -0.7607
vn 0.1428 0.8997 -0.4124
vn 0.2406 0.9704 0.0228
vn 0.1302 0.8833 0.4503
vn 0.0024 0.6179 0.7862
vn -0.1237 0.2346 0.9642
vn -0.2248 -0.1918 0.9554
vn -0.2832 -0.5830 0.7615
vn -0.2870 -0.8636 0.4146
vn -0.2332 -0.9722 -0.0199
vn -0.1317 -0.8830 -0.4506
vn -0.0043 -0.6174 -0.7866
vn 0.1228 -0.2344 -0.9644
vn 0.2256 0.1916 -0.9552
vn 0.2851 0.5826 -0.7612
vn 0.2885 0.8632 -0.4143
vn 0.2332 0.9722 0.0199
vn 0.0092 0.9161 0.4007
vn -0.2377 0.6818 0.6919
vn -0.4342 0.3160 0.8436
vn -0.5449 -0.1080 0.8315
vn -0.5509 -0.5124 0.6588
vn -0.4491 -0.8203 0.3541
vn -0.2561 -0.9663 -0.0257
vn -0.0102 -0.9159 -0.4014
vn 0.2361 -0.6813 -0.6929
vn 0.4332 -0.3157 -0.8442
vn 0.5453 0.1079 -0.8313
vn 0.5524 0.5119 -0.6578
vn 0.4506 0.8199 -0.3532
vn 0.2564 0.9662 0.0260
vn -0.0640 0.9417 0.3304
vn -0.4114 0.7405 0.5315
vn -0.6728 0.3952 0.6255
vn -0.8011 -0.0235 0.5980
vn -0.7752 -0.4379 0.4553
vn -0.5976 -0.7706 0.2214
vn -0.2981 -0.9526 -0.0603
vn 0.0635 -0.9415 -0.3311
vn 0.4103 -0.7400 -0.5330
vn 0.6719 -0.3948 -0.6267
vn 0.8012 0.0235 -0.5979
vn 0.7762 0.4375 -0.4540
vn 0.5987 0.7702 -0.2199
vn 0.2986 0.9524 0.0609
vn -0.0934 0.9597 0.2652
vn -0.5047 0.7935 0.3401
vn -0.8108 0.4714 0.3470
vn -0.9560 0.0611 0.2870
vn -0.9168 -0.3603 0.1721
vn -0.6987 -0.7151 0.0220
vn -0.3384 -0.9313 -0.1350
vn 0.0932 -0.9595 -0.2658
vn 0.5042 -0.7930 -0.3418
vn 0.8103 -0.4710 -0.3486
vn 0.9559 -0.0611 -0.2873
vn 0.9172 0.3600 -0.1707
vn 0.6993 0.7146 -0.0201
vn 0.3387 0.9310 0.1360
vn -0.0943 0.9699 0.2245
vn -0.5200 0.8403 0.1530
vn -0.8373 0.5442 0.0522
vn -0.9877 0.1454 -0.0570
vn -0.9475 -0.2801 -0.1545
vn -0.7228 -0.6540 -0.2231
vn -0.3516 -0.9025 -0.2489
vn 0.0943 -0.9698 -0.2247
vn 0.5202 -0.8399 -0.1546
vn 0.8375 -0.5438 -0.0540
vn 0.9878 -0.1452 0.0564
vn 0.9474 0.2798 0.1556
vn 0.7227 0.6535 0.2250
vn 0.3515 0.9021 0.2502
vn -0.0889 0.9723 0.2160
vn -0.4738 0.8806 -0.0012
vn -0.7600 0.6130 -0.2157
vn -0.8943 0.2286 -0.3848
vn -0.8556 -0.1979 -0.4784
vn -0.6509 -0.5880 -0.4801
vn -0.3147 -0.8665 -0.3875
vn 0.0889 -0.9724 -0.2159
vn 0.4744 -0.8803 -0.0001
vn 0.7609 -0.6126 0.2140
vn 0.8947 -0.2283 0.3840
vn 0.8552 0.1977 0.4791
vn 0.6501 0.5876 0.4818
vn 0.3140 0.8661 0.3889
vn -0.0997 0.9669 0.2348
vn -0.3917 0.9140 -0.1057
vn -0.6027 0.6773 -0.4221
vn -0.6929 0.3101 -0.6510
vn -0.6490 -0.1142 -0.7521
vn -0.4796 -0.5177 -0.7085
vn -0.2133 -0.8237 -0.5254
vn 0.0994 -0.9670 -0.2345
vn 0.3926 -0.9137 0.1049
vn 0.6041 -0.6768 0.4208
vn 0.6938 -0.3098 0.6501
vn 0.6487 0.1141 0.7524
vn 0.4783 0.5172 0.7097
vn 0.2121 0.8233 0.5265
vn -0.1429 0.9537 0.2646
vn -0.3022 0.9401 -0.1581
vn -0.3995 0.7363 -0.5461
vn -0.4172 0.3894 -0.8212
vn -0.3545 -0.0297 -0.9346
vn -0.2234 -0.4435 -0.8680
vn -0.0466 -0.7745 -0.6309
vn 0.1422 -0.9539 -0.2644
vn 0.3030 -0.9398 0.1577
vn 0.4013 -0.7359 0.5454
vn 0.4185 -0.3891 0.8206
vn 0.3544 0.0297 0.9346
vn 0.2219 0.4431 0.8686
vn 0.0449 0.7740 0.6315
vn -0.2240 0.9328 0.2823
vn -0.2293 0.9586 -0.1689
vn -0.1881 0.7898 -0.5838
vn -0.1105 0.4659 -0.8779
vn -0.0130 0.0549 -0.9984
vn 0.0868 -0.3661 -0.9265
vn 0.1711 -0.7193 -0.6733
vn 0.2229 -0.9331 -0.2823
vn 0.2299 -0.9585 0.1689
vn 0.1899 -0.7893 0.5838
vn 0.1122 -0.4655 0.8779
vn 0.0132 -0.0549 0.9984
vn -0.0882 0.3658 0.9265
vn -0.1731 0.7189 0.6733
vn -0.3352 0.9045 0.2637
vn -0.1876 0.9694 -0.1582
vn -0.0021 0.8371 -0.5470
vn 0.1814 0.5390 -0.8225
vn 0.3268 0.1392 -0.9348
vn 0.4085 -0.2860 -0.8668
vn 0.4119 -0.6587 -0.6297
vn 0.3340 -0.9048 -0.2642
vn 0.1879 -0.9694 0.1583
vn 0.0036 -0.8367 0.5476
vn -0.1797 -0.5386 0.8232
vn -0.3262 -0.1391 0.9350
vn -0.4095 0.2858 0.8664
vn -0.4137 0.6582 0.6290
vn -0.4566 0.8690 0.1908
vn -0.1790 0.9724 -0.1495
vn 0.1353 0.8779 -0.4593
vn 0.4191 0.6081 -0.6742
vn 0.6169 0.2225 -0.7549
vn 0.6944 -0.2039 -0.6901
vn 0.6382 -0.5930 -0.4910
vn 0.4554 -0.8694 -0.1918
vn 0.1789 -0.9724 0.1495
vn -0.1342 -0.8776 0.4603
vn -0.4177 -0.6077 0.6755
vn -0.6162 -0.2223 0.7555
vn -0.6950 0.2037 0.6895
vn -0.6396 0.5926 0.4897
vn -0.5599 0.8266 0.0567
vn -0.1927 0.9676 -0.1632
vn 0.2147 0.9118 -0.3501
vn 0.5754 0.6727 -0.4652
vn 0.8182 0.3042 -0.4879
vn 0.9010 -0.1204 -0.4168
vn 0.8102 -0.5230 -0.2648
vn 0.5591 -0.8271 -0.0582
vn 0.1926 -0.9677 0.1628
vn -0.2141 -0.9115 0.3512
vn -0.5745 -0.6722 0.4669
vn -0.8176 -0.3039 0.4890
vn -0.9012 0.1202 0.4164
vn -0.8110 0.5225 0.2632
vn -0.6146 0.7779 -0.1310
vn -0.2090 0.9549 -0.2107
vn 0.2411 0.9384 -0.2476
vn 0.6396 0.7322 -0.2342
vn 0.9066 0.3837 -0.1754
vn 0.9958 -0.0360 -0.0837
vn 0.8932 -0.4491 0.0242
vn 0.6144 -0.7783 0.1292
vn 0.2090 -0.9551 0.2100
vn -0.2410 -0.9382 0.2485
vn -0.6394 -0.7317 0.2361
vn -0.9065 -0.3834 0.1768
vn -0.9959 0.0359 0.0836
vn -0.8933 0.4487 -0.0258
vn -0.5953 0.7231 -0.3504
vn -0.2040 0.9346 -0.2913
vn 0.2313 0.9575 -0.1723
vn 0.6178 0.7861 -0.0188
vn 0.8772 0.4604 0.1360
vn 0.9638 0.0487 0.2622
vn 0.8647 -0.3719 0.3377
vn 0.5958 -0.7236 0.3485
vn 0.2043 -0.9349 0.2904
vn -0.2315 -0.9573 0.1729
vn -0.6184 -0.7856 0.0206
vn -0.8777 -0.4600 -0.1344
vn -0.9638 -0.0487 -0.2620
vn -0.8643 0.3715 -0.3390
vn -0.4876 0.6628 -0.5683
vn -0.1567 0.9068 -0.3913
vn 0.2086 0.9689 -0.1331
vn 0.5307 0.8339 0.1517
vn 0.7436 0.5338 0.4027
vn 0.8095 0.1331 0.5718
vn 0.7195 -0.2920 0.6301
vn 0.4888 -0.6633 0.5667
vn 0.1574 -0.9071 0.3903
vn -0.2088 -0.9688 0.1333
vn -0.5317 -0.8335 -0.1504
vn -0.7447 -0.5334 -0.4013
vn -0.8098 -0.1329 -0.5714
vn -0.7189 0.2917 -0.6310
vn -0.2929 0.5975 -0.7464
vn -0.0549 0.8718 -0.4867
vn 0.1962 0.9725 -0.1256
vn 0.4073 0.8752 0.2612
vn 0.5349 0.6032 0.5916
vn 0.5568 0.2164 0.8019
vn 0.4717 -0.2100 0.8564
vn 0.2945 -0.5980 0.7454
vn 0.0562 -0.8722 0.4859
vn -0.1962 -0.9725 0.1256
vn -0.4085 -0.8748 -0.2604
vn -0.5365 -0.6028 -0.5906
vn -0.5576 -0.2162 -0.8015
vn -0.4710 0.2098 -0.8568
vn -0.0293 0.5278 -0.8489
vn 0.1005 0.8300 -0.5487
vn 0.2110 0.9682 -0.1343
vn 0.2786 0.9095 0.3084
vn 0.2897 0.6681 0.6853
vn 0.2444 0.2983 0.9227
vn 0.1527 -0.1265 0.9801
vn 0.0311 -0.5282 0.8485
vn -0.0988 -0.8304 0.5484
vn -0.2107 -0.9683 0.1343
vn -0.2798 -0.9092 -0.3082
vn -0.2916 -0.6677 -0.6850
vn -0.2455 -0.2980 -0.9224
vn -0.1522 0.1264 -0.9802
vn 0.2701 0.4542 -0.8490
vn 0.2941 0.7817 -0.5500
vn 0.2590 0.9561 -0.1370
vn 0.1706 0.9367 0.3058
vn 0.0484 0.7280 0.6839
vn -0.0812 0.3780 0.9222
vn -0.1934 -0.0422 0.9802
vn -0.2685 -0.4546 0.8493
vn -0.2923 -0.7821 0.5503
vn -0.2583 -0.9563 0.1371
vn -0.1715 -0.9365 -0.3060
vn -0.0503 -0.7275 -0.6842
vn 0.0798 -0.3776 -0.9225
vn 0.1936 0.0421 -0.9802
vn 0.5625 0.3773 -0.7357
vn 0.4982 0.7273 -0.4721
vn 0.3330 0.9364 -0.1109
vn 0.0987 0.9564 0.2750
vn -0.1545 0.7823 0.6034
vn -0.3736 0.4549 0.8084
vn -0.5174 0.0425 0.8547
vn -0.5613 -0.3776 0.7364
vn -0.4966 -0.7278 0.4731
vn -0.3322 -0.9366 0.1114
vn -0.0993 -0.9562 -0.2754
vn 0.1529 -0.7819 -0.6044
vn 0.3722 -0.4545 -0.8092
vn 0.5172 -0.0425 -0.8548
vn 0.8029 0.2976 -0.5164
vn 0.6771 0.6674 -0.3099
vn 0.4147 0.9091 -0.0395
vn 0.0656 0.9683 0.2409
vn -0.2961 0.8306 0.4717
vn -0.5944 0.5286 0.6061
vn -0.7731 0.1269 0.6215
vn -0.8022 -0.2979 0.5173
vn -0.6760 -0.6679 0.3115
vn -0.4139 -0.9094 0.0405
vn -0.0658 -0.9682 -0.2412
vn 0.2951 -0.8302 -0.4730
vn 0.5933 -0.5281 -0.6075
vn 0.7728 -0.1268 -0.6219
vn 0.9521 0.2159 -0.2168
vn 0.7946 0.6025 -0.0752
vn 0.4777 0.8746 0.0827
vn 0.0608 0.9725 0.2249
vn -0.3685 0.8724 0.3212
vn -0.7196 0.5983 0.3525
vn -0.9254 0.2104 0.3151
vn -0.9518 -0.2161 0.2176
vn -0.7941 -0.6029 0.0770
vn -0.4773 -0.8750 -0.0812
vn -0.0608 -0.9725 -0.2249
vn 0.3681 -0.8720 -0.3227
vn 0.7191 -0.5978 -0.3543
vn 0.9252 -0.2102 -0.3159
vn 0.9835 0.1326 0.1232
vn 0.8209 0.5331 0.2051
vn 0.4946 0.8333 0.2471
vn 0.0649 0.9688 0.2392
vn -0.3789 0.9073 0.1824
vn -0.7427 0.6635 0.0896
vn -0.9561 0.2923 -0.0190
vn -0.9835 -0.1327 -0.1227
vn -0.8210 -0.5335 -0.2033
vn -0.4947 -0.8337 -0.2454
vn -0.0649 -0.9689 -0.2389
vn 0.3790 -0.9070 -0.1837
vn 0.7429 -0.6631 -0.0915
vn 0.9562 -0.2921 0.0179
vn 0.8889 0.0483 0.4556
vn 0.7394 0.4597 0.4919
vn 0.4434 0.7854 0.4319
vn 0.0549 0.9573 0.2839
vn -0.3463 0.9350 0.0772
vn -0.6749 0.7238 -0.1437
vn -0.8664 0.3722 -0.3328
vn -0.8890 -0.0484 -0.4554
vn -0.7401 -0.4601 -0.4905
vn -0.4442 -0.7858 -0.4303
vn -0.0552 -0.9574 -0.2833
vn 0.3467 -0.9347 -0.0780
vn 0.6757 -0.7233 0.1420
vn 0.8670 -0.3719 0.3316
vn 0.6797 -0.0363 0.7326
vn 0.5510 0.3830 0.7414
vn 0.3137 0.7315 0.6054
vn 0.0109 0.9381 0.3463
vn -0.2957 0.9552 0.0147
vn -0.5409 0.7785 -0.3182
vn -0.6763 0.4494 -0.5836
vn -0.6796 0.0363 -0.7327
vn -0.5520 -0.3834 -0.7405
vn -0.3151 -0.7319 -0.6041
vn -0.0117 -0.9383 -0.3456
vn 0.2962 -0.9550 -0.0152
vn 0.5423 -0.7781 0.3170
vn 0.6775 -0.4490 0.5826
vn 0.3856 -0.1206 0.9148
vn 0.2749 0.3036 0.9123
vn 0.1102 0.6720 0.7323
vn -0.0782 0.9114 0.4041
vn -0.2519 0.9677 -0.0090
vn -0.3739 0.8273 -0.4193
vn -0.4204 0.5233 -0.7413
vn -0.3851 0.1207 -0.9149
vn -0.2760 -0.3039 -0.9119
vn -0.1120 -0.6724 -0.7316
vn 0.0771 -0.9117 -0.4037
vn 0.2522 -0.9676 0.0089
vn 0.3755 -0.8268 0.4187
vn 0.4220 -0.5228 0.7406
vn 0.0492 -0.2041 0.9777
vn -0.0535 0.2219 0.9736
vn -0.1463 0.6074 0.7808
vn -0.2109 0.8774 0.4309
vn -0.2329 0.9724 -0.0097
vn -0.2074 0.8695 -0.4482
vn -0.1409 0.5933 -0.7925
vn -0.0484 0.2043 -0.9777
vn 0.0526 -0.2221 -0.9736
vn 0.1444 -0.6079 -0.7808
vn 0.2094 -0.8778 -0.4309
vn 0.2330 -0.9724 0.0097
vn 0.2089 -0.8692 0.4482
vn 0.1428 -0.5929 0.7925
vn -0.2809 -0.2861 0.9161
vn -0.3887 0.1387 0.9108
vn -0.4218 0.5383 0.7296
vn -0.3717 0.8365 0.4026
vn -0.2456 0.9693 -0.0092
vn -0.0690 0.9049 -0.4199
vn 0.1197 0.6589 -0.7426
vn 0.2820 0.2864 -0.9157
vn 0.3882 -0.1388 -0.9111
vn 0.4201 -0.5387 -0.7303
vn 0.3701 -0.8369 -0.4032
vn 0.2453 -0.9694 0.0091
vn 0.0702 -0.9046 0.4204
vn -0.1179 -0.6585 0.7433
vn -0.5589 -0.3661 0.7441
vn -0.6824 0.0545 0.7290
vn -0.6744 0.4652 0.5734
vn -0.5339 0.7891 0.3038
vn -0.2839 0.9584 -0.0298
vn 0.0251 0.9332 -0.3585
vn 0.3269 0.7196 -0.6127
vn 0.5599 0.3664 -0.7431
vn 0.6822 -0.0546 -0.7291
vn 0.6732 -0.4656 -0.5745
vn 0.5325 -0.7896 -0.3050
vn 0.2835 -0.9585 0.0294
vn -0.0244 -0.9329 0.3592
vn -0.3255 -0.7191 0.6140
vn -0.7490 -0.4434 0.4924
vn -0.8915 -0.0301 0.4520
vn -0.8623 0.3887 0.3247
vn -0.6642 0.7356 0.1329
vn -0.3305 0.9397 -0.0874
vn 0.0727 0.9540 -0.2910
vn 0.4592 0.7747 -0.4347
vn 0.7497 0.4438 -0.4909
vn 0.8916 0.0301 -0.4519
vn 0.8616 -0.3891 -0.3260
vn 0.6634 -0.7361 -0.1346
vn 0.3301 -0.9400 0.0866
vn -0.0723 -0.9538 0.2917
vn -0.4584 -0.7743 0.4364
vn -0.8314 -0.5176 0.2023
vn -0.9863 -0.1145 0.1191
vn -0.9508 0.3095 0.0132
vn -0.7302 0.6765 -0.0959
vn -0.3612 0.9136 -0.1869
vn 0.0842 0.9671 -0.2402
vn 0.5113 0.8239 -0.2446
vn 0.8316 0.5180 -0.2005
vn 0.9863 0.1146 -0.1186
vn 0.9507 -0.3098 -0.0144
vn 0.7300 -0.6770 0.0940
vn 0.3611 -0.9139 0.1857
vn -0.0841 -0.9670 0.2406
vn -0.5111 -0.8235 0.2463
vn -0.8048 -0.5879 -0.0817
vn -0.9547 -0.1980 -0.2220
vn -0.9200 0.2280 -0.3189
vn -0.7067 0.6123 -0.3544
vn -0.3509 0.8801 -0.3198
vn 0.0794 0.9724 -0.2196
vn 0.4933 0.8667 -0.0746
vn 0.8043 0.5883 0.0836
vn 0.9545 0.1982 0.2228
vn 0.9202 -0.2282 0.3180
vn 0.7073 -0.6128 0.3526
vn 0.3513 -0.8805 0.3184
vn -0.0794 -0.9723 0.2196
vn -0.4937 -0.8663 0.0760
vn -0.6855 -0.6538 -0.3204
vn -0.8049 -0.2802 -0.5231
vn -0.7681 0.1448 -0.6238
vn -0.5827 0.5435 -0.6042
vn -0.2805 0.8398 -0.4649
vn 0.0814 0.9698 -0.2298
vn 0.4273 0.9026 0.0527
vn 0.6843 0.6543 0.3219
vn 0.8042 0.2804 0.5240
vn 0.7684 -0.1450 0.6233
vn 0.5838 -0.5439 0.6027
vn 0.2815 -0.8402 0.4636
vn -0.0812 -0.9699 0.2296
vn -0.4281 -0.9023 -0.0516
vn -0.5031 -0.7148 -0.4857
vn -0.5628 -0.3603 -0.7439
vn -0.5130 0.0607 -0.8563
vn -0.3642 0.4707 -0.8036
vn -0.1426 0.7928 -0.5926
vn 0.1100 0.9595 -0.2595
vn 0.3409 0.9314 0.1279
vn 0.5015 0.7153 0.4867
vn 0.5616 0.3607 0.7446
vn 0.5132 -0.0608 0.8561
vn 0.3656 -0.4711 0.8028
vn 0.1441 -0.7933 0.5916
vn -0.1095 -0.9596 0.2592
vn -0.3418 -0.9311 -0.1273
vn -0.2943 -0.7704 -0.5655
vn -0.2678 -0.4379 -0.8582
vn -0.1894 -0.0239 -0.9816
vn -0.0745 0.3945 -0.9159
vn 0.0558 0.7397 -0.6706
vn 0.1761 0.9414 -0.2878
vn 0.2609 0.9527 0.1559
vn 0.2925 0.7709 0.5659
vn 0.2662 0.4383 0.8585
vn 0.1893 0.0239 0.9816
vn 0.0759 -0.3948 0.9156
vn -0.0539 -0.7402 0.6702
vn -0.1752 -0.9416 0.2876
vn -0.2616 -0.9525 -0.1558
vn -0.0952 -0.8201 -0.5643
vn 0.0348 -0.5122 -0.8581
vn 0.1569 -0.1083 -0.9817
vn 0.2486 0.3154 -0.9158
vn 0.2923 0.6810 -0.6714
vn 0.2780 0.9157 -0.2901
vn 0.2066 0.9664 0.1531
vn 0.0935 0.8205 0.5639
vn -0.0366 0.5127 0.8578
vn -0.1574 0.1084 0.9816
vn -0.2474 -0.3157 0.9161
vn -0.2904 -0.6815 0.6717
vn -0.2768 -0.9160 0.2903
vn -0.2071 -0.9663 -0.1532
vn 0.0656 -0.8634 -0.5003
vn 0.3019 -0.5829 -0.7544
vn 0.4767 -0.1919 -0.8579
vn 0.5589 0.2340 -0.7955
vn 0.5332 0.6172 -0.5787
vn 0.4010 0.8828 -0.2446
vn 0.1859 0.9722 0.1420
vn -0.0670 0.8637 0.4995
vn -0.3035 0.5833 0.7534
vn -0.4774 0.1921 0.8574
vn -0.5581 -0.2342 0.7960
vn -0.5315 -0.6176 0.5797
vn -0.3998 -0.8832 0.2454
vn -0.1860 -0.9722 -0.1421
vn 0.1720 -0.8999 -0.4008
vn 0.4999 -0.6491 -0.5734
vn 0.7258 -0.2742 -0.6309
vn 0.8103 0.1510 -0.5663
vn 0.7385 0.5487 -0.3920
vn 0.5198 0.8429 -0.1386
vn 0.1936 0.9703 0.1452
vn -0.1728 0.9002 0.3997
vn -0.5010 0.6496 0.5718
vn -0.7264 0.2745 0.6301
vn -0.8099 -0.1511 0.5668
vn -0.7373 -0.5491 0.3934
vn -0.5189 -0.8433 0.1399
vn -0.1935 -0.9703 -0.1450
vn 0.2222 -0.9292 -0.2952
vn 0.6097 -0.7105 -0.3513
vn 0.8722 -0.3545 -0.3370
vn 0.9640 0.0669 -0.2575
vn 0.8700 0.4762 -0.1282
vn 0.6041 0.7965 0.0274
vn 0.2133 0.9605 0.1788
vn -0.2225 0.9295 0.2942
vn -0.6102 0.7110 0.3495
vn -0.8726 0.3549 0.3357
vn -0.9639 -0.0670 0.2578
vn -0.8695 -0.4766 0.1298
vn -0.6036 -0.7969 -0.0256
vn -0.2132 -0.9606 -0.1783
vn 0.2278 -0.9512 -0.2081
vn 0.6295 -0.7665 -0.1269
vn 0.9015 -0.4323 -0.0211
vn 0.9960 -0.0177 0.0880
vn 0.8986 0.4001 0.1801
vn 0.6247 0.7438 0.2377
vn 0.2223 0.9429 0.2479
vn -0.2278 0.9514 0.2074
vn -0.6293 0.7670 0.1251
vn -0.9013 0.4327 0.0195
vn -0.9960 0.0177 -0.0881
vn -0.8987 -0.4005 -0.1787
vn -0.6248 -0.7443 -0.2358
vn -0.2223 -0.9432 -0.2470
vn 0.2098 -0.9655 -0.1542
vn 0.5733 -0.8167 0.0660
vn 0.8183 -0.5069 0.2710
vn 0.9012 -0.1021 0.4212
vn 0.8103 0.3212 0.4900
vn 0.5612 0.6855 0.4638
vn 0.1972 0.9179 0.3444
vn -0.2096 0.9656 0.1538
vn -0.5725 0.8171 -0.0676
vn -0.8175 0.5073 -0.2726
vn -0.9010 0.1022 -0.4216
vn -0.8109 -0.3216 -0.4889
vn -0.5620 -0.6860 -0.4621
vn -0.1977 -0.9181 -0.3434
vn 0.1920 -0.9721 -0.1351
vn 0.4666 -0.8604 0.2048
vn 0.6447 -0.5778 0.5005
vn 0.6944 -0.1858 0.6952
vn 0.6101 0.2400 0.7551
vn 0.4070 0.6220 0.6689
vn 0.1210 0.8855 0.4486
vn -0.1919 0.9721 0.1351
vn -0.4654 0.8608 -0.2059
vn -0.6433 0.5783 -0.5018
vn -0.6938 0.1860 -0.6957
vn -0.6108 -0.2403 -0.7545
vn -0.4085 -0.6225 -0.6676
vn -0.1221 -0.8858 -0.4477
vn 0.1949 -0.9707 -0.1403
vn 0.3401 -0.8974 0.2810
vn 0.4152 -0.6444 0.6421
vn 0.4075 -0.2682 0.8729
vn 0.3212 0.1571 0.9339
vn 0.1724 0.5538 0.8146
vn -0.0117 0.8461 0.5329
vn -0.1951 0.9707 0.1404
vn -0.3388 0.8978 -0.2814
vn -0.4134 0.6449 -0.6428
vn -0.4065 0.2685 -0.8733
vn -0.3218 -0.1573 -0.9337
vn -0.1742 -0.5543 -0.8139
vn 0.0102 -0.8465 -0.5323
vn 0.2300 -0.9616 -0.1497
vn 0.2227 -0.9273 0.3007
vn 0.1700 -0.7062 0.6873
vn 0.0841 -0.3487 0.9335
vn -0.0176 0.0731 0.9972
vn -0.1161 0.4816 0.8687
vn -0.1925 0.8001 0.5682
vn -0.2306 0.9615 0.1497
vn -0.2216 0.9276 -0.3007
vn -0.1681 0.7067 -0.6873
vn -0.0827 0.3490 -0.9334
vn 0.0173 -0.0732 -0.9972
vn 0.1144 -0.4820 -0.8687
vn 0.1907 -0.8005 -0.5682
vn 0.2965 -0.9447 -0.1402
vn 0.1352 -0.9498 0.2820
vn -0.0529 -0.7626 0.6447
vn -0.2287 -0.4267 0.8750
vn -0.3586 -0.0115 0.9334
vn -0.4195 0.4058 0.8120
vn -0.3987 0.7479 0.5308
vn -0.2973 0.9445 0.1399
vn -0.1345 0.9500 -0.2817
vn 0.0547 0.7631 -0.6440
vn 0.2301 0.4271 -0.8744
vn 0.3587 0.0115 -0.9334
vn 0.4181 -0.4062 -0.8125
vn 0.3969 -0.7484 -0.5315
vn 0.3806 -0.9202 -0.0912
vn 0.0863 -0.9647 0.2487
vn -0.2247 -0.8132 0.5369
vn -0.4878 -0.5016 0.7145
vn -0.6533 -0.0959 0.7510
vn -0.6927 0.3271 0.6428
vn -0.5974 0.6900 0.4087
vn -0.3814 0.9200 0.0905
vn -0.0860 0.9648 -0.2484
vn 0.2260 0.8136 -0.5357
vn 0.4891 0.5020 -0.7133
vn 0.6536 0.0960 -0.7507
vn 0.6918 -0.3274 -0.6436
vn 0.5960 -0.6904 -0.4100
vn 0.4589 -0.8884 0.0083
vn 0.0715 -0.9718 0.2245
vn -0.3302 -0.8574 0.3947
vn -0.6618 -0.5728 0.4837
vn -0.8604 -0.1797 0.4769
vn -0.8925 0.2461 0.3781
vn -0.7516 0.6268 0.2056
vn -0.4596 0.8881 -0.0096
vn -0.0715 0.9719 -0.2244
vn 0.3309 0.8578 -0.3933
vn 0.6626 0.5732 -0.4820
vn 0.8607 0.1799 -0.4762
vn 0.8920 -0.2463 -0.3790
vn 0.7507 -0.6273 -0.2073
vn 0.5036 -0.8496 0.1568
vn 0.0750 -0.9711 0.2266
vn -0.3694 -0.8950 0.2502
vn -0.7356 -0.6397 0.2229
vn -0.9530 -0.2622 0.1518
vn -0.9852 0.1632 0.0518
vn -0.8271 0.5590 -0.0586
vn -0.5037 0.8492 -0.1584
vn -0.0751 0.9711 -0.2268
vn 0.3695 0.8953 -0.2488
vn 0.7358 0.6402 -0.2210
vn 0.9531 0.2625 -0.1508
vn 0.9852 -0.1634 -0.0524
vn 0.8269 -0.5594 0.0568
vn 0.4889 -0.8041 0.3383
vn 0.0747 -0.9625 0.2607
vn -0.3561 -0.9254 0.1297
vn -0.7118 -0.7019 -0.0268
vn -0.9226 -0.3429 -0.1766
vn -0.9534 0.0793 -0.2911
vn -0.8003 0.4870 -0.3497
vn -0.4884 0.8037 -0.3400
vn -0.0746 0.9624 -0.2612
vn 0.3558 0.9257 -0.1287
vn 0.7113 0.7023 0.0287
vn 0.9223 0.3432 0.1778
vn 0.9535 -0.0793 0.2908
vn 0.8008 -0.4874 0.3481
vn 0.3980 -0.7524 0.5249
vn 0.0484 -0.9462 0.3200
vn -0.3131 -0.9485 0.0487
vn -0.6091 -0.7587 -0.2311
vn -0.7805 -0.4211 -0.4622
vn -0.7988 -0.0053 -0.6016
vn -0.6632 0.4115 -0.6251
vn -0.3968 0.7519 -0.5264
vn -0.0478 0.9460 -0.3206
vn 0.3126 0.9487 -0.0481
vn 0.6079 0.7591 0.2326
vn 0.7795 0.4214 0.4634
vn 0.7988 0.0053 0.6016
vn 0.6641 -0.4119 0.6239
vn 0.2279 -0.6949 0.6821
vn -0.0201 -0.9223 0.3860
vn -0.2661 -0.9639 0.0093
vn -0.4570 -0.8097 -0.3681
vn -0.5544 -0.4962 -0.6682
vn -0.5426 -0.0898 -0.8352
vn -0.4263 0.3330 -0.8411
vn -0.2263 0.6944 -0.6831
vn 0.0211 0.9220 -0.3866
vn 0.2657 0.9640 -0.0091
vn 0.4555 0.8101 0.3691
vn 0.5529 0.4966 0.6691
vn 0.5423 0.0899 0.8354
vn 0.4274 -0.3333 0.8404
vn -0.0080 -0.6321 0.7749
vn -0.1353 -0.8910 0.4334
vn -0.2367 -0.9716 0.0009
vn -0.2896 -0.8544 -0.4314
vn -0.2836 -0.5677 -0.7729
vn -0.2220 -0.1736 -0.9595
vn -0.1177 0.2521 -0.9605
vn 0.0099 0.6316 -0.7752
vn 0.1367 0.8907 -0.4336
vn 0.2365 0.9716 -0.0008
vn 0.2881 0.8548 0.4317
vn 0.2818 0.5681 0.7732
vn 0.2213 0.1738 0.9596
vn 0.1187 -0.2523 0.9603
vn -0.2814 -0.5646 0.7759
vn -0.2883 -0.8527 0.4357
vn -0.2373 -0.9714 0.0037
vn -0.1379 -0.8924 -0.4296
vn -0.0112 -0.6350 -0.7725
vn 0.1165 -0.2563 -0.9596
vn 0.2211 0.1694 -0.9604
vn 0.2833 0.5641 -0.7756
vn 0.2899 0.8523 -0.4354
vn 0.2375 0.9714 -0.0037
vn 0.1365 0.8928 0.4293
vn 0.0093 0.6354 0.7721
vn -0.1175 0.2565 0.9594
vn -0.2204 -0.1695 0.9606
vn -0.5533 -0.4928 0.6715
vn -0.4570 -0.8077 0.3726
vn -0.2679 -0.9634 -0.0051
vn -0.0236 -0.9234 -0.3831
vn 0.2240 -0.6975 -0.6807
vn 0.4247 -0.3371 -0.8403
vn 0.5419 0.0855 -0.8361
vn 0.5548 0.4924 -0.6706
vn 0.4585 0.8072 -0.3717
vn 0.2684 0.9633 0.0054
vn 0.0227 0.9237 0.3825
vn -0.2256 0.6980 0.6797
vn -0.4258 0.3374 0.8396
vn -0.5416 -0.0855 0.8363
vn -0.7805 -0.4175 0.4653
vn -0.6104 -0.7564 0.2353
vn -0.3161 -0.9477 -0.0452
vn 0.0441 -0.9470 -0.3181
vn 0.3936 -0.7547 -0.5249
vn 0.6611 -0.4154 -0.6248
vn 0.7982 0.0009 -0.6025
vn 0.7814 0.4171 -0.4641
vn 0.6115 0.7559 -0.2338
vn 0.3166 0.9475 0.0459
vn -0.0446 0.9472 0.3175
vn -0.3947 0.7552 0.5233
vn -0.6621 0.4158 0.6235
vn -0.7981 -0.0009 0.6025
vn -0.9235 -0.3391 0.1792
vn -0.7142 -0.6993 0.0303
vn -0.3599 -0.9243 -0.1271
vn 0.0702 -0.9630 -0.2601
vn 0.4846 -0.8062 -0.3395
vn 0.7979 -0.4908 -0.3500
vn 0.9527 -0.0836 -0.2920
vn 0.9239 0.3388 -0.1779
vn 0.7147 0.6988 -0.0284
vn 0.3602 0.9240 0.1282
vn -0.0703 0.9632 0.2596
vn -0.4851 0.8066 0.3378
vn -0.7983 0.4912 0.3483
vn -0.9528 0.0837 0.2917
vn -0.9544 -0.2583 -0.1499
vn -0.7388 -0.6369 -0.2205
vn -0.3737 -0.8935 -0.2488
vn 0.0705 -0.9713 -0.2272
vn 0.4998 -0.8514 -0.1593
vn 0.8246 -0.5626 -0.0597
vn 0.9846 -0.1675 0.0507
vn 0.9543 0.2581 0.1509
vn 0.7386 0.6364 0.2224
vn 0.3736 0.8932 0.2502
vn -0.0705 0.9713 0.2271
vn -0.4997 0.8518 0.1577
vn -0.8244 0.5630 0.0579
vn -0.9845 0.1677 -0.0513
vn -0.8619 -0.1756 -0.4757
vn -0.6654 -0.5697 -0.4824
vn -0.3347 -0.8557 -0.3946
vn 0.0673 -0.9717 -0.2264
vn 0.4560 -0.8899 -0.0118
vn 0.7493 -0.6302 0.2035
vn 0.8919 -0.2503 0.3767
vn 0.8616 0.1755 0.4763
vn 0.6646 0.5692 0.4841
vn 0.3340 0.8553 0.3960
vn -0.0674 0.9717 0.2266
vn -0.4554 0.8902 0.0106
vn -0.7484 0.6306 -0.2053
vn -0.8914 0.2505 -0.3776
vn -0.6546 -0.0917 -0.7504
vn -0.4913 -0.4982 -0.7144
vn -0.2290 -0.8112 -0.5381
vn 0.0828 -0.9643 -0.2516
vn 0.3788 -0.9214 0.0870
vn 0.5958 -0.6931 0.4058
vn 0.6924 -0.3312 0.6410
vn 0.6544 0.0916 0.7506
vn 0.4900 0.4978 0.7156
vn 0.2277 0.8108 0.5393
vn -0.0832 0.9642 0.2520
vn -0.3779 0.9217 -0.0878
vn -0.5943 0.6935 -0.4071
vn -0.6915 0.3315 -0.6419
vn -0.3597 -0.0071 -0.9331
vn -0.2317 -0.4231 -0.8759
vn -0.0566 -0.7603 -0.6471
vn 0.1326 -0.9491 -0.2858
vn 0.2959 -0.9455 0.1356
vn 0.3980 -0.7507 0.5273
vn 0.4197 -0.4098 0.8099
vn 0.3596 0.0071 0.9331
vn 0.2303 0.4228 0.8765
vn 0.0548 0.7599 0.6477
vn -0.1334 0.9489 0.2861
vn -0.2951 0.9458 -0.1359
vn -0.3963 0.7512 -0.5279
vn -0.4183 0.4102 -0.8104
vn -0.0183 0.0775 -0.9968
vn 0.0818 -0.3450 -0.9350
vn 0.1674 -0.7036 -0.6906
vn 0.2213 -0.9263 -0.3051
vn 0.2308 -0.9621 0.1452
vn 0.1931 -0.8026 0.5644
vn 0.1170 -0.4854 0.8664
vn 0.0187 -0.0774 0.9968
vn -0.0831 0.3446 0.9350
vn -0.1693 0.7032 0.6906
vn -0.2224 0.9260 0.3051
vn -0.2302 0.9622 -0.1452
vn -0.1913 0.8030 -0.5644
vn -0.1153 0.4858 -0.8664
vn 0.3205 0.1616 -0.9334
vn 0.4061 -0.2643 -0.8748
vn 0.4137 -0.6416 -0.6459
vn 0.3400 -0.8960 -0.2855
vn 0.1968 -0.9709 0.1361
vn 0.0136 -0.8483 0.5294
vn -0.1707 -0.5574 0.8125
vn -0.3199 -0.1614 0.9336
vn -0.4070 0.2641 0.8744
vn -0.4155 0.6411 0.6452
vn -0.3412 0.8957 0.2851
vn -0.1966 0.9710 -0.1360
vn -0.0121 0.8487 -0.5288
vn 0.1724 0.5579 -0.8118
vn 0.6093 0.2445 -0.7543
vn 0.6937 -0.1818 -0.6970
vn 0.6445 -0.5747 -0.5043
vn 0.4678 -0.8587 -0.2092
vn 0.1950 -0.9719 0.1316
vn -0.1179 -0.8873 0.4459
vn -0.4045 -0.6254 0.6673
vn -0.6086 -0.2442 0.7550
vn -0.6942 0.1816 0.6965
vn -0.6458 0.5743 0.5031
vn -0.4690 0.8583 0.2081
vn -0.1951 0.9719 -0.1317
vn 0.1190 0.8876 -0.4449
vn 0.4059 0.6258 -0.6660
vn 0.8091 0.3257 -0.4891
vn 0.9010 -0.0979 -0.4227
vn 0.8192 -0.5036 -0.2744
vn 0.5757 -0.8147 -0.0698
vn 0.2136 -0.9651 0.1516
vn -0.1931 -0.9193 0.3428
vn -0.5580 -0.6886 0.4631
vn -0.8086 -0.3253 0.4903
vn -0.9011 0.0978 0.4224
vn -0.8200 0.5032 0.2728
vn -0.5765 0.8142 0.0683
vn -0.2138 0.9650 -0.1520
vn 0.1937 0.9196 -0.3418
vn 0.5588 0.6891 -0.4613
vn 0.8968 0.4045 -0.1794
vn 0.9959 -0.0134 -0.0891
vn 0.9032 -0.4288 0.0184
vn 0.6328 -0.7643 0.1241
vn 0.2322 -0.9504 0.2067
vn -0.2178 -0.9440 0.2477
vn -0.6211 -0.7467 0.2380
vn -0.8966 -0.4041 0.1809
vn -0.9959 0.0133 0.0891
vn -0.9034 0.4284 -0.0200
vn -0.6330 0.7638 -0.1259
vn -0.2323 0.9503 -0.2075
vn 0.2179 0.9442 -0.2469
vn 0.6213 0.7471 -0.2361
vn 0.8676 0.4804 0.1284
vn 0.9639 0.0713 0.2567
vn 0.8744 -0.3508 0.3352
vn 0.6136 -0.7080 0.3497
vn 0.2268 -0.9282 0.2951
vn -0.2090 -0.9612 0.1802
vn -0.6006 -0.7990 0.0290
vn -0.8681 -0.4800 -0.1267
vn -0.9639 -0.0712 -0.2564
vn -0.8740 0.3505 -0.3365
vn -0.6131 0.7075 -0.3515
vn -0.2265 0.9279 -0.2961
vn 0.2089 0.9613 -0.1797
vn 0.6001 0.7994 -0.0272
vn 0.7358 0.5527 0.3912
vn 0.8100 0.1554 0.5655
vn 0.7280 -0.2703 0.6300
vn 0.5039 -0.6463 0.5730
vn 0.1764 -0.8985 0.4020
vn -0.1900 -0.9706 0.1480
vn -0.5170 -0.8451 -0.1358
vn -0.7369 -0.5523 -0.3897
vn -0.8103 -0.1553 -0.5650
vn -0.7274 0.2700 -0.6309
vn -0.5027 0.6459 -0.5746
vn -0.1756 0.8982 -0.4030
vn 0.1898 0.9706 -0.1479
vn 0.5160 0.8455 0.1371
vn 0.5307 0.6210 0.5768
vn 0.5584 0.2385 0.7946
vn 0.4787 -0.1879 0.8576
vn 0.3057 -0.5798 0.7552
vn 0.0695 -0.8617 0.5026
vn -0.1835 -0.9721 0.1459
vn -0.3992 -0.8847 -0.2408
vn -0.5323 -0.6205 -0.5758
vn -0.5592 -0.2382 -0.7941
vn -0.4780 0.1877 -0.8581
vn -0.3041 0.5793 -0.7562
vn -0.0682 0.8613 -0.5035
vn 0.1836 0.9721 -0.1460
vn 0.3980 0.8850 0.2416
vn 0.2906 0.6846 0.6685
vn 0.2480 0.3198 0.9144
vn 0.1585 -0.1041 0.9819
vn 0.0379 -0.5090 0.8600
vn -0.0922 -0.8181 0.5676
vn -0.2057 -0.9658 0.1576
vn -0.2775 -0.9172 -0.2858
vn -0.2925 -0.6842 -0.6681
vn -0.2493 -0.3195 -0.9142
vn -0.1580 0.1040 -0.9819
vn -0.0361 0.5085 -0.8603
vn 0.0939 0.8177 -0.5679
vn 0.2061 0.9657 -0.1577
vn 0.2764 0.9175 0.2860
vn 0.0552 0.7431 0.6669
vn -0.0747 0.3988 0.9140
vn -0.1883 -0.0196 0.9819
vn -0.2657 -0.4344 0.8607
vn -0.2925 -0.7682 0.5695
vn -0.2615 -0.9518 0.1604
vn -0.1771 -0.9425 -0.2835
vn -0.0571 -0.7426 -0.6673
vn 0.0732 -0.3984 -0.9143
vn 0.1883 0.0195 -0.9819
vn 0.2673 0.4340 -0.8604
vn 0.2943 0.7677 -0.5692
vn 0.2623 0.9516 -0.1603
vn 0.1763 0.9427 0.2833
vn -0.1416 0.7958 0.5888
vn -0.3637 0.4749 0.8014
vn -0.5121 0.0651 0.8564
vn -0.5617 -0.3566 0.7466
vn -0.5026 -0.7123 0.4899
vn -0.3429 -0.9301 0.1318
vn -0.1125 -0.9602 -0.2558
vn 0.1401 -0.7954 -0.5897
vn 0.3622 -0.4745 -0.8023
vn 0.5119 -0.0650 -0.8566
vn 0.5628 0.3563 -0.7458
vn 0.5043 0.7118 -0.4889
vn 0.3438 0.9298 -0.1312
vn 0.1120 0.9603 0.2554
vn -0.2780 0.8424 0.4616
vn -0.5813 0.5476 0.6019
vn -0.7673 0.1493 0.6237
vn -0.8046 -0.2763 0.5256
vn -0.6863 -0.6510 0.3243
vn -0.4304 -0.9009 0.0555
vn -0.0851 -0.9701 -0.2271
vn 0.2771 -0.8420 -0.4629
vn 0.5802 -0.5471 -0.6034
vn 0.7669 -0.1491 -0.6242
vn 0.8053 0.2760 -0.5247
vn 0.6875 0.6505 -0.3228
vn 0.4312 0.9006 -0.0545
vn 0.0849 0.9702 0.2269
vn -0.3461 0.8841 0.3140
vn -0.7058 0.6215 0.3399
vn -0.9243 0.2392 0.2974
vn -0.9609 -0.1895 0.2017
vn -0.8087 -0.5840 0.0703
vn -0.4954 -0.8652 -0.0782
vn -0.0831 -0.9723 -0.2185
vn 0.3435 -0.8825 -0.3214
vn 0.6986 -0.6166 -0.3630
vn 0.9143 -0.2307 -0.3330
vn 0.9512 0.1989 -0.2360
vn 0.8022 0.5901 -0.0909
vn 0.4934 0.8668 0.0726
vn 0.0831 0.9723 0.2185
vt 0.538462 0.000000
vt 0.384615 0.000000
vt 0.461538 0.000000
vt 0.307692 0.000000
vt 0.615385 0.000000
vt 0.230769 0.000000
vt 0.692308 0.000000
vt 0.153846 0.000000
vt 0.769231 0.000000
vt 0.076923 0.000000
vt 0.846154 0.000000
vt 0.000000 0.000000
vt 0.923077 0.000000
vt 1.000000 0.000000
vt 0.000000 1.000000
vt 0.008130 1.000000
vt 0.008130 0.928571
vt 0.000000 0.928571
vt 0.000000 0.071429
vt 0.008130 0.071429
vt 0.008130 0.000000
vt 0.000000 0.142857
vt 0.008130 0.142857
vt 0.000000 0.214286
vt 0.008130 0.214286
vt 0.000000 0.285714
vt 0.008130 0.285714
vt 0.000000 0.357143
vt 0.008130 0.357143
vt 0.000000 0.428571
vt 0.008130 0.428571
vt 0.000000 0.500000
vt 0.008130 0.500000
vt 0.000000 0.571429
vt 0.008130 0.571429
vt 0.000000 0.642857
vt 0.008130 0.642857
vt 0.000000 0.714286
vt 0.008130 0.714286
vt 0.000000 0.785714
vt 0.008130 0.785714
vt 0.000000 0.857143
vt 0.008130 0.857143
vt 0.016260 1.000000
vt 0.016260 0.928571
vt 0.016260 0.071429
vt 0.016260 0.000000
vt 0.016260 0.142857
vt 0.016260 0.214286
vt 0.016260 0.285714
vt 0.016260 0.357143
vt 0.016260 0.428571
vt 0.016260 0.500000
vt 0.016260 0.571429
vt 0.016260 0.642857
vt 0.016260 0.714286
vt 0.016260 0.785714
vt 0.016260 0.857143
vt 0.024390 1.000000
vt 0.024390 0.928571
vt 0.024390 0.071429
vt 0.024390 0.000000
vt 0.024390 0.142857
vt 0.024390 0.214286
vt 0.024390 0.285714
vt 0.024390 0.357143
vt 0.024390 0.428571
vt 0.024390 0.500000
vt 0.024390 0.571429
vt 0.024390 0.642857
vt 0.024390 0.714286
vt 0.024390 0.785714
vt 0.024390 0.857143
vt 0.032520 1.000000
vt 0.032520 0.928571
vt 0.032520 0.071429
vt 0.032520 0.000000
vt 0.032520 0.142857
vt 0.032520 0.214286
vt 0.032520 0.285714
vt 0.032520 0.357143
vt 0.032520 0.428571
vt 0.032520 0.500000
vt 0.032520 0.571429
vt 0.032520 0.642857
vt 0.032520 0.714286
vt 0.032520 0.785714
vt 0.032520 0.857143
vt 0.040650 1.000000
vt 0.040650 0.928571
vt 0.040650 0.071429
vt 0.040650 0.000000
vt 0.040650 0.142857
vt 0.040650 0.214286
vt 0.040650 0.285714
vt 0.040650 0.357143
vt 0.040650 0.428571
vt 0.040650 0.500000
vt 0.040650 0.571429
vt 0.040650 0.642857
vt 0.040650 0.714286
vt 0.040650 0.785714
vt 0.040650 0.857143
vt 0.048780 1.000000
vt 0.048780 0.928571
vt 0.048780 0.071429
vt 0.048780 0.000000
vt 0.048780 0.142857
vt 0.048780 0.214286
vt 0.048780 0.285714
vt 0.048780 0.357143
vt 0.048780 0.428571
vt 0.048780 0.500000
vt 0.048780 0.571429
vt 0.048780 0.642857
vt 0.048780 0.714286
vt 0.048780 0.785714
vt 0.048780 0.857143
vt 0.056911 1.000000
vt 0.056911 0.928571
vt 0.056911 0.071429
vt 0.056911 0.000000
vt 0.056911 0.142857
vt 0.056911 0.214286
vt 0.056911 0.285714
vt 0.056911 0.357143
vt 0.056911 0.428571
vt 0.056911 0.500000
vt 0.056911 0.571429
vt 0.056911 0.642857
vt 0.056911 0.714286
vt 0.056911 0.785714
vt 0.056911 0.857143
vt 0.065041 1.000000
vt 0.065041 0.928571
vt 0.065041 0.071429
vt 0.065041 0.000000
vt 0.065041 0.142857
vt 0.065041 0.214286
vt 0.065041 0.285714
vt 0.065041 0.357143
vt 0.065041 0.428571
vt 0.065041 0.500000
vt 0.065041 0.571429
vt 0.065041 0.642857
vt 0.065041 0.714286
vt 0.065041 0.785714
vt 0.065041 0.857143
vt 0.073171 1.000000
vt 0.073171 0.928571
vt 0.073171 0.071429
vt 0.073171 0.000000
vt 0.073171 0.142857
vt 0.073171 0.214286
vt 0.073171 0.285714
vt 0.073171 0.357143
vt 0.073171 0.428571
vt 0.073171 0.500000
vt 0.073171 0.571429
vt 0.073171 0.642857
vt 0.073171 0.714286
vt 0.073171 0.785714
vt 0.073171 0.857143
vt 0.081301 1.000000
vt 0.081301 0.928571
vt 0.081301 0.071429
vt 0.081301 0.000000
vt 0.081301 0.142857
vt 0.081301 0.214286
vt 0.081301 0.285714
vt 0.081301 0.357143
vt 0.081301 0.428571
vt 0.081301 0.500000
vt 0.081301 0.571429
vt 0.081301 0.642857
vt 0.081301 0.714286
vt 0.081301 0.785714
vt 0.081301 0.857143
vt 0.089431 1.000000
vt 0.089431 0.928571
vt 0.089431 0.071429
vt 0.089431 0.000000
vt 0.089431 0.142857
vt 0.089431 0.214286
vt 0.089431 0.285714
vt 0.089431 0.357143
vt 0.089431 0.428571
vt 0.089431 0.500000
vt 0.089431 0.571429
vt 0.089431 0.642857
vt 0.089431 0.714286
vt 0.089431 0.785714
vt 0.089431 0.857143
vt 0.097561 1.000000
vt 0.097561 0.928571
vt 0.097561 0.071429
vt 0.097561 0.000000
vt 0.097561 0.142857
vt 0.097561 0.214286
vt 0.097561 0.285714
vt 0.097561 0.357143
vt 0.097561 0.428571
vt 0.097561 0.500000
vt 0.097561 0.571429
vt 0.097561 0.642857
vt 0.097561 0.714286
vt 0.097561 0.785714
vt 0.097561 0.857143
vt 0.105691 1.000000
vt 0.105691 0.928571
vt 0.105691 0.071429
vt 0.105691 0.000000
vt 0.105691 0.142857
vt 0.105691 0.214286
vt 0.105691 0.285714
vt 0.105691 0.357143
vt 0.105691 0.428571
vt 0.105691 0.500000
vt 0.105691 0.571429
vt 0.105691 0.642857
vt 0.105691 0.714286
vt 0.105691 0.785714
vt 0.105691 0.857143
vt 0.113821 1.000000
vt 0.113821 0.928571
vt 0.113821 0.071429
vt 0.113821 0.000000
vt 0.113821 0.142857
vt 0.113821 0.214286
vt 0.113821 0.285714
vt 0.113821 0.357143
vt 0.113821 0.428571
vt 0.113821 0.500000
vt 0.113821 0.571429
vt 0.113821 0.642857
vt 0.113821 0.714286
vt 0.113821 0.785714
vt 0.113821 0.857143
vt 0.121951 1.000000
vt 0.121951 0.928571
vt 0.121951 0.071429
vt 0.121951 0.000000
vt 0.121951 0.142857
vt 0.121951 0.214286
vt 0.121951 0.285714
vt 0.121951 0.357143
vt 0.121951 0.428571
vt 0.121951 0.500000
vt 0.121951 0.571429
vt 0.121951 0.642857
vt 0.121951 0.714286
vt 0.121951 0.785714
vt 0.121951 0.857143
vt 0.130081 1.000000
vt 0.130081 0.928571
vt 0.130081 0.071429
vt 0.130081 0.000000
vt 0.130081 0.142857
vt 0.130081 0.214286
vt 0.130081 0.285714
vt 0.130081 0.357143
vt 0.130081 0.428571
vt 0.130081 0.500000
vt 0.130081 0.571429
vt 0.130081 0.642857
vt 0.130081 0.714286
vt 0.130081 0.785714
vt 0.130081 0.857143
vt 0.138211 1.000000
vt 0.138211 0.928571
vt 0.138211 0.071429
vt 0.138211 0.000000
vt 0.138211 0.142857
vt 0.138211 0.214286
vt 0.138211 0.285714
vt 0.138211 0.357143
vt 0.138211 0.428571
vt 0.138211 0.500000
vt 0.138211 0.571429
vt 0.138211 0.642857
vt 0.138211 0.714286
vt 0.138211 0.785714
vt 0.138211 0.857143
vt 0.146341 1.000000
vt 0.146341 0.928571
vt 0.146341 0.071429
vt 0.146341 0.000000
vt 0.146341 0.142857
vt 0.146341 0.214286
vt 0.146341 0.285714
vt 0.146341 0.357143
vt 0.146341 0.428571
vt 0.146341 0.500000
vt 0.146341 0.571429
vt 0.146341 0.642857
vt 0.146341 0.714286
vt 0.146341 0.785714
vt 0.146341 0.857143
vt 0.154472 1.000000
vt 0.154472 0.928571
vt 0.154472 0.071429
vt 0.154472 0.000000
vt 0.154472 0.142857
vt 0.154472 0.214286
vt 0.154472 0.285714
vt 0.154472 0.357143
vt 0.154472 0.428571
vt 0.154472 0.500000
vt 0.154472 0.571429
vt 0.154472 0.642857
vt 0.154472 0.714286
vt 0.154472 0.785714
vt 0.154472 0.857143
vt 0.162602 1.000000
vt 0.162602 0.928571
vt 0.162602 0.071429
vt 0.162602 0.000000
vt 0.162602 0.142857
vt 0.162602 0.214286
vt 0.162602 0.285714
vt 0.162602 0.357143
vt 0.162602 0.428571
vt 0.162602 0.500000
vt 0.162602 0.571429
vt 0.162602 0.642857
vt 0.162602 0.714286
vt 0.162602 0.785714
vt 0.162602 0.857143
vt 0.170732 1.000000
vt 0.170732 0.928571
vt 0.170732 0.071429
vt 0.170732 0.000000
vt 0.170732 0.142857
vt 0.170732 0.214286
vt 0.170732 0.285714
vt 0.170732 0.357143
vt 0.170732 0.428571
vt 0.170732 0.500000
vt 0.170732 0.571429
vt 0.170732 0.642857
vt 0.170732 0.714286
vt 0.170732 0.785714
vt 0.170732 0.857143
vt 0.178862 1.000000
vt 0.178862 0.928571
vt 0.178862 0.071429
vt 0.178862 0.000000
vt 0.178862 0.142857
vt 0.178862 0.214286
vt 0.178862 0.285714
vt 0.178862 0.357143
vt 0.178862 0.428571
vt 0.178862 0.500000
vt 0.178862 0.571429
vt 0.178862 0.642857
vt 0.178862 0.714286
vt 0.178862 0.785714
vt 0.178862 0.857143
vt 0.186992 1.000000
vt 0.186992 0.928571
vt 0.186992 0.071429
vt 0.186992 0.000000
vt 0.186992 0.142857
vt 0.186992 0.214286
vt 0.186992 0.285714
vt 0.186992 0.357143
vt 0.186992 0.428571
vt 0.186992 0.500000
vt 0.186992 0.571429
vt 0.186992 0.642857
vt 0.186992 0.714286
vt 0.186992 0.785714
vt 0.186992 0.857143
vt 0.195122 1.000000
vt 0.195122 0.928571
vt 0.195122 0.071429
vt 0.195122 0.000000
vt 0.195122 0.142857
vt 0.195122 0.214286
vt 0.195122 0.285714
vt 0.195122 0.357143
vt 0.195122 0.428571
vt 0.195122 0.500000
vt 0.195122 0.571429
vt 0.195122 0.642857
vt 0.195122 0.714286
vt 0.195122 0.785714
vt 0.195122 0.857143
vt 0.203252 1.000000
vt 0.203252 0.928571
vt 0.203252 0.071429
vt 0.203252 0.000000
vt 0.203252 0.142857
vt 0.203252 0.214286
vt 0.203252 0.285714
vt 0.203252 0.357143
vt 0.203252 0.428571
vt 0.203252 0.500000
vt 0.203252 0.571429
vt 0.203252 0.642857
vt 0.203252 0.714286
vt 0.203252 0.785714
vt 0.203252 0.857143
vt 0.211382 1.000000
vt 0.211382 0.928571
vt 0.211382 0.071429
vt 0.211382 0.000000
vt 0.211382 0.142857
vt 0.211382 0.214286
vt 0.211382 0.285714
vt 0.211382 0.357143
vt 0.211382 0.428571
vt 0.211382 0.500000
vt 0.211382 0.571429
vt 0.211382 0.642857
vt 0.211382 0.714286
vt 0.211382 0.785714
vt 0.211382 0.857143
vt 0.219512 1.000000
vt 0.219512 0.928571
vt 0.219512 0.071429
vt 0.219512 0.000000
vt 0.219512 0.142857
vt 0.219512 0.214286
vt 0.219512 0.285714
vt 0.219512 0.357143
vt 0.219512 0.428571
vt 0.219512 0.500000
vt 0.219512 0.571429
vt 0.219512 0.642857
vt 0.219512 0.714286
vt 0.219512 0.785714
vt 0.219512 0.857143
vt 0.227642 1.000000
vt 0.227642 0.928571
vt 0.227642 0.071429
vt 0.227642 0.000000
vt 0.227642 0.142857
vt 0.227642 0.214286
vt 0.227642 0.285714
vt 0.227642 0.357143
vt 0.227642 0.428571
vt 0.227642 0.500000
vt 0.227642 0.571429
vt 0.227642 0.642857
vt 0.227642 0.714286
vt 0.227642 0.785714
vt 0.227642 0.857143
vt 0.235772 1.000000
vt 0.235772 0.928571
vt 0.235772 0.071429
vt 0.235772 0.000000
vt 0.235772 0.142857
vt 0.235772 0.214286
vt 0.235772 0.285714
vt 0.235772 0.357143
vt 0.235772 0.428571
vt 0.235772 0.500000
vt 0.235772 0.571429
vt 0.235772 0.642857
vt 0.235772 0.714286
vt 0.235772 0.785714
vt 0.235772 0.857143
vt 0.243902 1.000000
vt 0.243902 0.928571
vt 0.243902 0.071429
vt 0.243902 0.000000
vt 0.243902 0.142857
vt 0.243902 0.214286
vt 0.243902 0.285714
vt 0.243902 0.357143
vt 0.243902 0.428571
vt 0.243902 0.500000
vt 0.243902 0.571429
vt 0.243902 0.642857
vt 0.243902 0.714286
vt 0.243902 0.785714
vt 0.243902 0.857143
vt 0.252033 1.000000
vt 0.252033 0.928571
vt 0.252033 0.071429
vt 0.252033 0.000000
vt 0.252033 0.142857
vt 0.252033 0.214286
vt 0.252033 0.285714
vt 0.252033 0.357143
vt 0.252033 0.428571
vt 0.252033 0.500000
vt 0.252033 0.571429
vt 0.252033 0.642857
vt 0.252033 0.714286
vt 0.252033 0.785714
vt 0.252033 0.857143
vt 0.260163 1.000000
vt 0.260163 0.928571
vt 0.260163 0.071429
vt 0.260163 0.000000
vt 0.260163 0.142857
vt 0.260163 0.214286
vt 0.260163 0.285714
vt 0.260163 0.357143
vt 0.260163 0.428571
vt 0.260163 0.500000
vt 0.260163 0.571429
vt 0.260163 0.642857
vt 0.260163 0.714286
vt 0.260163 0.785714
vt 0.260163 0.857143
vt 0.268293 1.000000
vt 0.268293 0.928571
vt 0.268293 0.071429
vt 0.268293 0.000000
vt 0.268293 0.142857
vt 0.268293 0.214286
vt 0.268293 0.285714
vt 0.268293 0.357143
vt 0.268293 0.428571
vt 0.268293 0.500000
vt 0.268293 0.571429
vt 0.268293 0.642857
vt 0.268293 0.714286
vt 0.268293 0.785714
vt 0.268293 0.857143
vt 0.276423 1.000000
vt 0.276423 0.928571
vt 0.276423 0.071429
vt 0.276423 0.000000
vt 0.276423 0.142857
vt 0.276423 0.214286
vt 0.276423 0.285714
vt 0.276423 0.357143
vt 0.276423 0.428571
vt 0.276423 0.500000
vt 0.276423 0.571429
vt 0.276423 0.642857
vt 0.276423 0.714286
vt 0.276423 0.785714
vt 0.276423 0.857143
vt 0.284553 1.000000
vt 0.284553 0.928571
vt 0.284553 0.071429
vt 0.284553 0.000000
vt 0.284553 0.142857
vt 0.284553 0.214286
vt 0.284553 0.285714
vt 0.284553 0.357143
vt 0.284553 0.428571
vt 0.284553 0.500000
vt 0.284553 0.571429
vt 0.284553 0.642857
vt 0.284553 0.714286
vt 0.284553 0.785714
vt 0.284553 0.857143
vt 0.292683 1.000000
vt 0.292683 0.928571
vt 0.292683 0.071429
vt 0.292683 0.000000
vt 0.292683 0.142857
vt 0.292683 0.214286
vt 0.292683 0.285714
vt 0.292683 0.357143
vt 0.292683 0.428571
vt 0.292683 0.500000
vt 0.292683 0.571429
vt 0.292683 0.642857
vt 0.292683 0.714286
vt 0.292683 0.785714
vt 0.292683 0.857143
vt 0.300813 1.000000
vt 0.300813 0.928571
vt 0.300813 0.071429
vt 0.300813 0.000000
vt 0.300813 0.142857
vt 0.300813 0.214286
vt 0.300813 0.285714
vt 0.300813 0.357143
vt 0.300813 0.428571
vt 0.300813 0.500000
vt 0.300813 0.571429
vt 0.300813 0.642857
vt 0.300813 0.714286
vt 0.300813 0.785714
vt 0.300813 0.857143
vt 0.308943 1.000000
vt 0.308943 0.928571
vt 0.308943 0.071429
vt 0.308943 0.000000
vt 0.308943 0.142857
vt 0.308943 0.214286
vt 0.308943 0.285714
vt 0.308943 0.357143
vt 0.308943 0.428571
vt 0.308943 0.500000
vt 0.308943 0.571429
vt 0.308943 0.642857
vt 0.308943 0.714286
vt 0.308943 0.785714
vt 0.308943 0.857143
vt 0.317073 1.000000
vt 0.317073 0.928571
vt 0.317073 0.071429
vt 0.317073 0.000000
vt 0.317073 0.142857
vt 0.317073 0.214286
vt 0.317073 0.285714
vt 0.317073 0.357143
vt 0.317073 0.428571
vt 0.317073 0.500000
vt 0.317073 0.571429
vt 0.317073 0.642857
vt 0.317073 0.714286
vt 0.317073 0.785714
vt 0.317073 0.857143
vt 0.325203 1.000000
vt 0.325203 0.928571
vt 0.325203 0.071429
vt 0.325203 0.000000
vt 0.325203 0.142857
vt 0.325203 0.214286
vt 0.325203 0.285714
vt 0.325203 0.357143
vt 0.325203 0.428571
vt 0.325203 0.500000
vt 0.325203 0.571429
vt 0.325203 0.642857
vt 0.325203 0.714286
vt 0.325203 0.785714
vt 0.325203 0.857143
vt 0.333333 1.000000
vt 0.333333 0.928571
vt 0.333333 0.071429
vt 0.333333 0.000000
vt 0.333333 0.142857
vt 0.333333 0.214286
vt 0.333333 0.285714
vt 0.333333 0.357143
vt 0.333333 0.428571
vt 0.333333 0.500000
vt 0.333333 0.571429
vt 0.333333 0.642857
vt 0.333333 0.714286
vt 0.333333 0.785714
vt 0.333333 0.857143
vt 0.341463 1.000000
vt 0.341463 0.928571
vt 0.341463 0.071429
vt 0.341463 0.000000
vt 0.341463 0.142857
vt 0.341463 0.214286
vt 0.341463 0.285714
vt 0.341463 0.357143
vt 0.341463 0.428571
vt 0.341463 0.500000
vt 0.341463 0.571429
vt 0.341463 0.642857
vt 0.341463 0.714286
vt 0.341463 0.785714
vt 0.341463 0.857143
vt 0.349593 1.000000
vt 0.349593 0.928571
vt 0.349593 0.071429
vt 0.349593 0.000000
vt 0.349593 0.142857
vt 0.349593 0.214286
vt 0.349593 0.285714
vt 0.349593 0.357143
vt 0.349593 0.428571
vt 0.349593 0.500000
vt 0.349593 0.571429
vt 0.349593 0.642857
vt 0.349593 0.714286
vt 0.349593 0.785714
vt 0.349593 0.857143
vt 0.357724 1.000000
vt 0.357724 0.928571
vt 0.357724 0.071429
vt 0.357724 0.000000
vt 0.357724 0.142857
vt 0.357724 0.214286
vt 0.357724 0.285714
vt 0.357724 0.357143
vt 0.357724 0.428571
vt 0.357724 0.500000
vt 0.357724 0.571429
vt 0.357724 0.642857
vt 0.357724 0.714286
vt 0.357724 0.785714
vt 0.357724 0.857143
vt 0.365854 1.000000
vt 0.365854 0.928571
vt 0.365854 0.071429
vt 0.365854 0.000000
vt 0.365854 0.142857
vt 0.365854 0.214286
vt 0.365854 0.285714
vt 0.365854 0.357143
vt 0.365854 0.428571
vt 0.365854 0.500000
vt 0.365854 0.571429
vt 0.365854 0.642857
vt 0.365854 0.714286
vt 0.365854 0.785714
vt 0.365854 0.857143
vt 0.373984 1.000000
vt 0.373984 0.928571
vt 0.373984 0.071429
vt 0.373984 0.000000
vt 0.373984 0.142857
vt 0.373984 0.214286
vt 0.373984 0.285714
vt 0.373984 0.357143
vt 0.373984 0.428571
vt 0.373984 0.500000
vt 0.373984 0.571429
vt 0.373984 0.642857
vt 0.373984 0.714286
vt 0.373984 0.785714
vt 0.373984 0.857143
vt 0.382114 1.000000
vt 0.382114 0.928571
vt 0.382114 0.071429
vt 0.382114 0.000000
vt 0.382114 0.142857
vt 0.382114 0.214286
vt 0.382114 0.285714
vt 0.382114 0.357143
vt 0.382114 0.428571
vt 0.382114 0.500000
vt 0.382114 0.571429
vt 0.382114 0.642857
vt 0.382114 0.714286
vt 0.382114 0.785714
vt 0.382114 0.857143
vt 0.390244 1.000000
vt 0.390244 0.928571
vt 0.390244 0.071429
vt 0.390244 0.000000
vt 0.390244 0.142857
vt 0.390244 0.214286
vt 0.390244 0.285714
vt 0.390244 0.357143
vt 0.390244 0.428571
vt 0.390244 0.500000
vt 0.390244 0.571429
vt 0.390244 0.642857
vt 0.390244 0.714286
vt 0.390244 0.785714
vt 0.390244 0.857143
vt 0.398374 1.000000
vt 0.398374 0.928571
vt 0.398374 0.071429
vt 0.398374 0.000000
vt 0.398374 0.142857
vt 0.398374 0.214286
vt 0.398374 0.285714
vt 0.398374 0.357143
vt 0.398374 0.428571
vt 0.398374 0.500000
vt 0.398374 0.571429
vt 0.398374 0.642857
vt 0.398374 0.714286
vt 0.398374 0.785714
vt 0.398374 0.857143
vt 0.406504 1.000000
vt 0.406504 0.928571
vt 0.406504 0.071429
vt 0.406504 0.000000
vt 0.406504 0.142857
vt 0.406504 0.214286
vt 0.406504 0.285714
vt 0.406504 0.357143
vt 0.406504 0.428571
vt 0.406504 0.500000
vt 0.406504 0.571429
vt 0.406504 0.642857
vt 0.406504 0.714286
vt 0.406504 0.785714
vt 0.406504 0.857143
vt 0.414634 1.000000
vt 0.414634 0.928571
vt 0.414634 0.071429
vt 0.414634 0.000000
vt 0.414634 0.142857
vt 0.414634 0.214286
vt 0.414634 0.285714
vt 0.414634 0.357143
vt 0.414634 0.428571
vt 0.414634 0.500000
vt 0.414634 0.571429
vt 0.414634 0.642857
vt 0.414634 0.714286
vt 0.414634 0.785714
vt 0.414634 0.857143
vt 0.422764 1.000000
vt 0.422764 0.928571
vt 0.422764 0.071429
vt 0.422764 0.000000
vt 0.422764 0.142857
vt 0.422764 0.214286
vt 0.422764 0.285714
vt 0.422764 0.357143
vt 0.422764 0.428571
vt 0.422764 0.500000
vt 0.422764 0.571429
vt 0.422764 0.642857
vt 0.422764 0.714286
vt 0.422764 0.785714
vt 0.422764 0.857143
vt 0.430894 1.000000
vt 0.430894 0.928571
vt 0.430894 0.071429
vt 0.430894 0.000000
vt 0.430894 0.142857
vt 0.430894 0.214286
vt 0.430894 0.285714
vt 0.430894 0.357143
vt 0.430894 0.428571
vt 0.430894 0.500000
vt 0.430894 0.571429
vt 0.430894 0.642857
vt 0.430894 0.714286
vt 0.430894 0.785714
vt 0.430894 0.857143
vt 0.439024 1.000000
vt 0.439024 0.928571
vt 0.439024 0.071429
vt 0.439024 0.000000
vt 0.439024 0.142857
vt 0.439024 0.214286
vt 0.439024 0.285714
vt 0.439024 0.357143
vt 0.439024 0.428571
vt 0.439024 0.500000
vt 0.439024 0.571429
vt 0.439024 0.642857
vt 0.439024 0.714286
vt 0.439024 0.785714
vt 0.439024 0.857143
vt 0.447154 1.000000
vt 0.447154 0.928571
vt 0.447154 0.071429
vt 0.447154 0.000000
vt 0.447154 0.142857
vt 0.447154 0.214286
vt 0.447154 0.285714
vt 0.447154 0.357143
vt 0.447154 0.428571
vt 0.447154 0.500000
vt 0.447154 0.571429
vt 0.447154 0.642857
vt 0.447154 0.714286
vt 0.447154 0.785714
vt 0.447154 0.857143
vt 0.455285 1.000000
vt 0.455285 0.928571
vt 0.455285 0.071429
vt 0.455285 0.000000
vt 0.455285 0.142857
vt 0.455285 0.214286
vt 0.455285 0.285714
vt 0.455285 0.357143
vt 0.455285 0.428571
vt 0.455285 0.500000
vt 0.455285 0.571429
vt 0.455285 0.642857
vt 0.455285 0.714286
vt 0.455285 0.785714
vt 0.455285 0.857143
vt 0.463415 1.000000
vt 0.463415 0.928571
vt 0.463415 0.071429
vt 0.463415 0.000000
vt 0.463415 0.142857
vt 0.463415 0.214286
vt 0.463415 0.285714
vt 0.463415 0.357143
vt 0.463415 0.428571
vt 0.463415 0.500000
vt 0.463415 0.571429
vt 0.463415 0.642857
vt 0.463415 0.714286
vt 0.463415 0.785714
vt 0.463415 0.857143
vt 0.471545 1.000000
vt 0.471545 0.928571
vt 0.471545 0.071429
vt 0.471545 0.000000
vt 0.471545 0.142857
vt 0.471545 0.214286
vt 0.471545 0.285714
vt 0.471545 0.357143
vt 0.471545 0.428571
vt 0.471545 0.500000
vt 0.471545 0.571429
vt 0.471545 0.642857
vt 0.471545 0.714286
vt 0.471545 0.785714
vt 0.471545 0.857143
vt 0.479675 1.000000
vt 0.479675 0.928571
vt 0.479675 0.071429
vt 0.479675 0.000000
vt 0.479675 0.142857
vt 0.479675 0.214286
vt 0.479675 0.285714
vt 0.479675 0.357143
vt 0.479675 0.428571
vt 0.479675 0.500000
vt 0.479675 0.571429
vt 0.479675 0.642857
vt 0.479675 0.714286
vt 0.479675 0.785714
vt 0.479675 0.857143
vt 0.487805 1.000000
vt 0.487805 0.928571
vt 0.487805 0.071429
vt 0.487805 0.000000
vt 0.487805 0.142857
vt 0.487805 0.214286
vt 0.487805 0.285714
vt 0.487805 0.357143
vt 0.487805 0.428571
vt 0.487805 0.500000
vt 0.487805 0.571429
vt 0.487805 0.642857
vt 0.487805 0.714286
vt 0.487805 0.785714
vt 0.487805 0.857143
vt 0.495935 1.000000
vt 0.495935 0.928571
vt 0.495935 0.071429
vt 0.495935 0.000000
vt 0.495935 0.142857
vt 0.495935 0.214286
vt 0.495935 0.285714
vt 0.495935 0.357143
vt 0.495935 0.428571
vt 0.495935 0.500000
vt 0.495935 0.571429
vt 0.495935 0.642857
vt 0.495935 0.714286
vt 0.495935 0.785714
vt 0.495935 0.857143
vt 0.504065 1.000000
vt 0.504065 0.928571
vt 0.504065 0.071429
vt 0.504065 0.000000
vt 0.504065 0.142857
vt 0.504065 0.214286
vt 0.504065 0.285714
vt 0.504065 0.357143
vt 0.504065 0.428571
vt 0.504065 0.500000
vt 0.504065 0.571429
vt 0.504065 0.642857
vt 0.504065 0.714286
vt 0.504065 0.785714
vt 0.504065 0.857143
vt 0.512195 1.000000
vt 0.512195 0.928571
vt 0.512195 0.071429
vt 0.512195 0.000000
vt 0.512195 0.142857
vt 0.512195 0.214286
vt 0.512195 0.285714
vt 0.512195 0.357143
vt 0.512195 0.428571
vt 0.512195 0.500000
vt 0.512195 0.571429
vt 0.512195 0.642857
vt 0.512195 0.714286
vt 0.512195 0.785714
vt 0.512195 0.857143
vt 0.520325 1.000000
vt 0.520325 0.928571
vt 0.520325 0.071429
vt 0.520325 0.000000
vt 0.520325 0.142857
vt 0.520325 0.214286
vt 0.520325 0.285714
vt 0.520325 0.357143
vt 0.520325 0.428571
vt 0.520325 0.500000
vt 0.520325 0.571429
vt 0.520325 0.642857
vt 0.520325 0.714286
vt 0.520325 0.785714
vt 0.520325 0.857143
vt 0.528455 1.000000
vt 0.528455 0.928571
vt 0.528455 0.071429
vt 0.528455 0.000000
vt 0.528455 0.142857
vt 0.528455 0.214286
vt 0.528455 0.285714
vt 0.528455 0.357143
vt 0.528455 0.428571
vt 0.528455 0.500000
vt 0.528455 0.571429
vt 0.528455 0.642857
vt 0.528455 0.714286
vt 0.528455 0.785714
vt 0.528455 0.857143
vt 0.536585 1.000000
vt 0.536585 0.928571
vt 0.536585 0.071429
vt 0.536585 0.000000
vt 0.536585 0.142857
vt 0.536585 0.214286
vt 0.536585 0.285714
vt 0.536585 0.357143
vt 0.536585 0.428571
vt 0.536585 0.500000
vt 0.536585 0.571429
vt 0.536585 0.642857
vt 0.536585 0.714286
vt 0.536585 0.785714
vt 0.536585 0.857143
vt 0.544715 1.000000
vt 0.544715 0.928571
vt 0.544715 0.071429
vt 0.544715 0.000000
vt 0.544715 0.142857
vt 0.544715 0.214286
vt 0.544715 0.285714
vt 0.544715 0.357143
vt 0.544715 0.428571
vt 0.544715 0.500000
vt 0.544715 0.571429
vt 0.544715 0.642857
vt 0.544715 0.714286
vt 0.544715 0.785714
vt 0.544715 0.857143
vt 0.552846 1.000000
vt 0.552846 0.928571
vt 0.552846 0.071429
vt 0.552846 0.000000
vt 0.552846 0.142857
vt 0.552846 0.214286
vt 0.552846 0.285714
vt 0.552846 0.357143
vt 0.552846 0.428571
vt 0.552846 0.500000
vt 0.552846 0.571429
vt 0.552846 0.642857
vt 0.552846 0.714286
vt 0.552846 0.785714
vt 0.552846 0.857143
vt 0.560976 1.000000
vt 0.560976 0.928571
vt 0.560976 0.071429
vt 0.560976 0.000000
vt 0.560976 0.142857
vt 0.560976 0.214286
vt 0.560976 0.285714
vt 0.560976 0.357143
vt 0.560976 0.428571
vt 0.560976 0.500000
vt 0.560976 0.571429
vt 0.560976 0.642857
vt 0.560976 0.714286
vt 0.560976 0.785714
vt 0.560976 0.857143
vt 0.569106 1.000000
vt 0.569106 0.928571
vt 0.569106 0.071429
vt 0.569106 0.000000
vt 0.569106 0.142857
vt 0.569106 0.214286
vt 0.569106 0.285714
vt 0.569106 0.357143
vt 0.569106 0.428571
vt 0.569106 0.500000
vt 0.569106 0.571429
vt 0.569106 0.642857
vt 0.569106 0.714286
vt 0.569106 0.785714
vt 0.569106 0.857143
vt 0.577236 1.000000
vt 0.577236 0.928571
vt 0.577236 0.071429
vt 0.577236 0.000000
vt 0.577236 0.142857
vt 0.577236 0.214286
vt 0.577236 0.285714
vt 0.577236 0.357143
vt 0.577236 0.428571
vt 0.577236 0.500000
vt 0.577236 0.571429
vt 0.577236 0.642857
vt 0.577236 0.714286
vt 0.577236 0.785714
vt 0.577236 0.857143
vt 0.585366 1.000000
vt 0.585366 0.928571
vt 0.585366 0.071429
vt 0.585366 0.000000
vt 0.585366 0.142857
vt 0.585366 0.214286
vt 0.585366 0.285714
vt 0.585366 0.357143
vt 0.585366 0.428571
vt 0.585366 0.500000
vt 0.585366 0.571429
vt 0.585366 0.642857
vt 0.585366 0.714286
vt 0.585366 0.785714
vt 0.585366 0.857143
vt 0.593496 1.000000
vt 0.593496 0.928571
vt 0.593496 0.071429
vt 0.593496 0.000000
vt 0.593496 0.142857
vt 0.593496 0.214286
vt 0.593496 0.285714
vt 0.593496 0.357143
vt 0.593496 0.428571
vt 0.593496 0.500000
vt 0.593496 0.571429
vt 0.593496 0.642857
vt 0.593496 0.714286
vt 0.593496 0.785714
vt 0.593496 0.857143
vt 0.601626 1.000000
vt 0.601626 0.928571
vt 0.601626 0.071429
vt 0.601626 0.000000
vt 0.601626 0.142857
vt 0.601626 0.214286
vt 0.601626 0.285714
vt 0.601626 0.357143
vt 0.601626 0.428571
vt 0.601626 0.500000
vt 0.601626 0.571429
vt 0.601626 0.642857
vt 0.601626 0.714286
vt 0.601626 0.785714
vt 0.601626 0.857143
vt 0.609756 1.000000
vt 0.609756 0.928571
vt 0.609756 0.071429
vt 0.609756 0.000000
vt 0.609756 0.142857
vt 0.609756 0.214286
vt 0.609756 0.285714
vt 0.609756 0.357143
vt 0.609756 0.428571
vt 0.609756 0.500000
vt 0.609756 0.571429
vt 0.609756 0.642857
vt 0.609756 0.714286
vt 0.609756 0.785714
vt 0.609756 0.857143
vt 0.617886 1.000000
vt 0.617886 0.928571
vt 0.617886 0.071429
vt 0.617886 0.000000
vt 0.617886 0.142857
vt 0.617886 0.214286
vt 0.617886 0.285714
vt 0.617886 0.357143
vt 0.617886 0.428571
vt 0.617886 0.500000
vt 0.617886 0.571429
vt 0.617886 0.642857
vt 0.617886 0.714286
vt 0.617886 0.785714
vt 0.617886 0.857143
vt 0.626016 1.000000
vt 0.626016 0.928571
vt 0.626016 0.071429
vt 0.626016 0.000000
vt 0.626016 0.142857
vt 0.626016 0.214286
vt 0.626016 0.285714
vt 0.626016 0.357143
vt 0.626016 0.428571
vt 0.626016 0.500000
vt 0.626016 0.571429
vt 0.626016 0.642857
vt 0.626016 0.714286
vt 0.626016 0.785714
vt 0.626016 0.857143
vt 0.634146 1.000000
vt 0.634146 0.928571
vt 0.634146 0.071429
vt 0.634146 0.000000
vt 0.634146 0.142857
vt 0.634146 0.214286
vt 0.634146 0.285714
vt 0.634146 0.357143
vt 0.634146 0.428571
vt 0.634146 0.500000
vt 0.634146 0.571429
vt 0.634146 0.642857
vt 0.634146 0.714286
vt 0.634146 0.785714
vt 0.634146 0.857143
vt 0.642276 1.000000
vt 0.642276 0.928571
vt 0.642276 0.071429
vt 0.642276 0.000000
vt 0.642276 0.142857
vt 0.642276 0.214286
vt 0.642276 0.285714
vt 0.642276 0.357143
vt 0.642276 0.428571
vt 0.642276 0.500000
vt 0.642276 0.571429
vt 0.642276 0.642857
vt 0.642276 0.714286
vt 0.642276 0.785714
vt 0.642276 0.857143
vt 0.650406 1.000000
vt 0.650406 0.928571
vt 0.650406 0.071429
vt 0.650406 0.000000
vt 0.650406 0.142857
vt 0.650406 0.214286
vt 0.650406 0.285714
vt 0.650406 0.357143
vt 0.650406 0.428571
vt 0.650406 0.500000
vt 0.650406 0.571429
vt 0.650406 0.642857
vt 0.650406 0.714286
vt 0.650406 0.785714
vt 0.650406 0.857143
vt 0.658537 1.000000
vt 0.658537 0.928571
vt 0.658537 0.071429
vt 0.658537 0.000000
vt 0.658537 0.142857
vt 0.658537 0.214286
vt 0.658537 0.285714
vt 0.658537 0.357143
vt 0.658537 0.428571
vt 0.658537 0.500000
vt 0.658537 0.571429
vt 0.658537 0.642857
vt 0.658537 0.714286
vt 0.658537 0.785714
vt 0.658537 0.857143
vt 0.666667 1.000000
vt 0.666667 0.928571
vt 0.666667 0.071429
vt 0.666667 0.000000
vt 0.666667 0.142857
vt 0.666667 0.214286
vt 0.666667 0.285714
vt 0.666667 0.357143
vt 0.666667 0.428571
vt 0.666667 0.500000
vt 0.666667 0.571429
vt 0.666667 0.642857
vt 0.666667 0.714286
vt 0.666667 0.785714
vt 0.666667 0.857143
vt 0.674797 1.000000
vt 0.674797 0.928571
vt 0.674797 0.071429
vt 0.674797 0.000000
vt 0.674797 0.142857
vt 0.674797 0.214286
vt 0.674797 0.285714
vt 0.674797 0.357143
vt 0.674797 0.428571
vt 0.674797 0.500000
vt 0.674797 0.571429
vt 0.674797 0.642857
vt 0.674797 0.714286
vt 0.674797 0.785714
vt 0.674797 0.857143
vt 0.682927 1.000000
vt 0.682927 0.928571
vt 0.682927 0.071429
vt 0.682927 0.000000
vt 0.682927 0.142857
vt 0.682927 0.214286
vt 0.682927 0.285714
vt 0.682927 0.357143
vt 0.682927 0.428571
vt 0.682927 0.500000
vt 0.682927 0.571429
vt 0.682927 0.642857
vt 0.682927 0.714286
vt 0.682927 0.785714
vt 0.682927 0.857143
vt 0.691057 1.000000
vt 0.691057 0.928571
vt 0.691057 0.071429
vt 0.691057 0.000000
vt 0.691057 0.142857
vt 0.691057 0.214286
vt 0.691057 0.285714
vt 0.691057 0.357143
vt 0.691057 0.428571
vt 0.691057 0.500000
vt 0.691057 0.571429
vt 0.691057 0.642857
vt 0.691057 0.714286
vt 0.691057 0.785714
vt 0.691057 0.857143
vt 0.699187 1.000000
vt 0.699187 0.928571
vt 0.699187 0.071429
vt 0.699187 0.000000
vt 0.699187 0.142857
vt 0.699187 0.214286
vt 0.699187 0.285714
vt 0.699187 0.357143
vt 0.699187 0.428571
vt 0.699187 0.500000
vt 0.699187 0.571429
vt 0.699187 0.642857
vt 0.699187 0.714286
vt 0.699187 0.785714
vt 0.699187 0.857143
vt 0.707317 1.000000
vt 0.707317 0.928571
vt 0.707317 0.071429
vt 0.707317 0.000000
vt 0.707317 0.142857
vt 0.707317 0.214286
vt 0.707317 0.285714
vt 0.707317 0.357143
vt 0.707317 0.428571
vt 0.707317 0.500000
vt 0.707317 0.571429
vt 0.707317 0.642857
vt 0.707317 0.714286
vt 0.707317 0.785714
vt 0.707317 0.857143
vt 0.715447 1.000000
vt 0.715447 0.928571
vt 0.715447 0.071429
vt 0.715447 0.000000
vt 0.715447 0.142857
vt 0.715447 0.214286
vt 0.715447 0.285714
vt 0.715447 0.357143
vt 0.715447 0.428571
vt 0.715447 0.500000
vt 0.715447 0.571429
vt 0.715447 0.642857
vt 0.715447 0.714286
vt 0.715447 0.785714
vt 0.715447 0.857143
vt 0.723577 1.000000
vt 0.723577 0.928571
vt 0.723577 0.071429
vt 0.723577 0.000000
vt 0.723577 0.142857
vt 0.723577 0.214286
vt 0.723577 0.285714
vt 0.723577 0.357143
vt 0.723577 0.428571
vt 0.723577 0.500000
vt 0.723577 0.571429
vt 0.723577 0.642857
vt 0.723577 0.714286
vt 0.723577 0.785714
vt 0.723577 0.857143
vt 0.731707 1.000000
vt 0.731707 0.928571
vt 0.731707 0.071429
vt 0.731707 0.000000
vt 0.731707 0.142857
vt 0.731707 0.214286
vt 0.731707 0.285714
vt 0.731707 0.357143
vt 0.731707 0.428571
vt 0.731707 0.500000
vt 0.731707 0.571429
vt 0.731707 0.642857
vt 0.731707 0.714286
vt 0.731707 0.785714
vt 0.731707 0.857143
vt 0.739837 1.000000
vt 0.739837 0.928571
vt 0.739837 0.071429
vt 0.739837 0.000000
vt 0.739837 0.142857
vt 0.739837 0.214286
vt 0.739837 0.285714
vt 0.739837 0.357143
vt 0.739837 0.428571
vt 0.739837 0.500000
vt 0.739837 0.571429
vt 0.739837 0.642857
vt 0.739837 0.714286
vt 0.739837 0.785714
vt 0.739837 0.857143
vt 0.747967 1.000000
vt 0.747967 0.928571
vt 0.747967 0.071429
vt 0.747967 0.000000
vt 0.747967 0.142857
vt 0.747967 0.214286
vt 0.747967 0.285714
vt 0.747967 0.357143
vt 0.747967 0.428571
vt 0.747967 0.500000
vt 0.747967 0.571429
vt 0.747967 0.642857
vt 0.747967 0.714286
vt 0.747967 0.785714
vt 0.747967 0.857143
vt 0.756098 1.000000
vt 0.756098 0.928571
vt 0.756098 0.071429
vt 0.756098 0.000000
vt 0.756098 0.142857
vt 0.756098 0.214286
vt 0.756098 0.285714
vt 0.756098 0.357143
vt 0.756098 0.428571
vt 0.756098 0.500000
vt 0.756098 0.571429
vt 0.756098 0.642857
vt 0.756098 0.714286
vt 0.756098 0.785714
vt 0.756098 0.857143
vt 0.764228 1.000000
vt 0.764228 0.928571
vt 0.764228 0.071429
vt 0.764228 0.000000
vt 0.764228 0.142857
vt 0.764228 0.214286
vt 0.764228 0.285714
vt 0.764228 0.357143
vt 0.764228 0.428571
vt 0.764228 0.500000
vt 0.764228 0.571429
vt 0.764228 0.642857
vt 0.764228 0.714286
vt 0.764228 0.785714
vt 0.764228 0.857143
vt 0.772358 1.000000
vt 0.772358 0.928571
vt 0.772358 0.071429
vt 0.772358 0.000000
vt 0.772358 0.142857
vt 0.772358 0.214286
vt 0.772358 0.285714
vt 0.772358 0.357143
vt 0.772358 0.428571
vt 0.772358 0.500000
vt 0.772358 0.571429
vt 0.772358 0.642857
vt 0.772358 0.714286
vt 0.772358 0.785714
vt 0.772358 0.857143
vt 0.780488 1.000000
vt 0.780488 0.928571
vt 0.780488 0.071429
vt 0.780488 0.000000
vt 0.780488 0.142857
vt 0.780488 0.214286
vt 0.780488 0.285714
vt 0.780488 0.357143
vt 0.780488 0.428571
vt 0.780488 0.500000
vt 0.780488 0.571429
vt 0.780488 0.642857
vt 0.780488 0.714286
vt 0.780488 0.785714
vt 0.780488 0.857143
vt 0.788618 1.000000
vt 0.788618 0.928571
vt 0.788618 0.071429
vt 0.788618 0.000000
vt 0.788618 0.142857
vt 0.788618 0.214286
vt 0.788618 0.285714
vt 0.788618 0.357143
vt 0.788618 0.428571
vt 0.788618 0.500000
vt 0.788618 0.571429
vt 0.788618 0.642857
vt 0.788618 0.714286
vt 0.788618 0.785714
vt 0.788618 0.857143
vt 0.796748 1.000000
vt 0.796748 0.928571
vt 0.796748 0.071429
vt 0.796748 0.000000
vt 0.796748 0.142857
vt 0.796748 0.214286
vt 0.796748 0.285714
vt 0.796748 0.357143
vt 0.796748 0.428571
vt 0.796748 0.500000
vt 0.796748 0.571429
vt 0.796748 0.642857
vt 0.796748 0.714286
vt 0.796748 0.785714
vt 0.796748 0.857143
vt 0.804878 1.000000
vt 0.804878 0.928571
vt 0.804878 0.071429
vt 0.804878 0.000000
vt 0.804878 0.142857
vt 0.804878 0.214286
vt 0.804878 0.285714
vt 0.804878 0.357143
vt 0.804878 0.428571
vt 0.804878 0.500000
vt 0.804878 0.571429
vt 0.804878 0.642857
vt 0.804878 0.714286
vt 0.804878 0.785714
vt 0.804878 0.857143
vt 0.813008 1.000000
vt 0.813008 0.928571
vt 0.813008 0.071429
vt 0.813008 0.000000
vt 0.813008 0.142857
vt 0.813008 0.214286
vt 0.813008 0.285714
vt 0.813008 0.357143
vt 0.813008 0.428571
vt 0.813008 0.500000
vt 0.813008 0.571429
vt 0.813008 0.642857
vt 0.813008 0.714286
vt 0.813008 0.785714
vt 0.813008 0.857143
vt 0.821138 1.000000
vt 0.821138 0.928571
vt 0.821138 0.071429
vt 0.821138 0.000000
vt 0.821138 0.142857
vt 0.821138 0.214286
vt 0.821138 0.285714
vt 0.821138 0.357143
vt 0.821138 0.428571
vt 0.821138 0.500000
vt 0.821138 0.571429
vt 0.821138 0.642857
vt 0.821138 0.714286
vt 0.821138 0.785714
vt 0.821138 0.857143
vt 0.829268 1.000000
vt 0.829268 0.928571
vt 0.829268 0.071429
vt 0.829268 0.000000
vt 0.829268 0.142857
vt 0.829268 0.214286
vt 0.829268 0.285714
vt 0.829268 0.357143
vt 0.829268 0.428571
vt 0.829268 0.500000
vt 0.829268 0.571429
vt 0.829268 0.642857
vt 0.829268 0.714286
vt 0.829268 0.785714
vt 0.829268 0.857143
vt 0.837398 1.000000
vt 0.837398 0.928571
vt 0.837398 0.071429
vt 0.837398 0.000000
vt 0.837398 0.142857
vt 0.837398 0.214286
vt 0.837398 0.285714
vt 0.837398 0.357143
vt 0.837398 0.428571
vt 0.837398 0.500000
vt 0.837398 0.571429
vt 0.837398 0.642857
vt 0.837398 0.714286
vt 0.837398 0.785714
vt 0.837398 0.857143
vt 0.845528 1.000000
vt 0.845528 0.928571
vt 0.845528 0.071429
vt 0.845528 0.000000
vt 0.845528 0.142857
vt 0.845528 0.214286
vt 0.845528 0.285714
vt 0.845528 0.357143
vt 0.845528 0.428571
vt 0.845528 0.500000
vt 0.845528 0.571429
vt 0.845528 0.642857
vt 0.845528 0.714286
vt 0.845528 0.785714
vt 0.845528 0.857143
vt 0.853659 1.000000
vt 0.853659 0.928571
vt 0.853659 0.071429
vt 0.853659 0.000000
vt 0.853659 0.142857
vt 0.853659 0.214286
vt 0.853659 0.285714
vt 0.853659 0.357143
vt 0.853659 0.428571
vt 0.853659 0.500000
vt 0.853659 0.571429
vt 0.853659 0.642857
vt 0.853659 0.714286
vt 0.853659 0.785714
vt 0.853659 0.857143
vt 0.861789 1.000000
vt 0.861789 0.928571
vt 0.861789 0.071429
vt 0.861789 0.000000
vt 0.861789 0.142857
vt 0.861789 0.214286
vt 0.861789 0.285714
vt 0.861789 0.357143
vt 0.861789 0.428571
vt 0.861789 0.500000
vt 0.861789 0.571429
vt 0.861789 0.642857
vt 0.861789 0.714286
vt 0.861789 0.785714
vt 0.861789 0.857143
vt 0.869919 1.000000
vt 0.869919 0.928571
vt 0.869919 0.071429
vt 0.869919 0.000000
vt 0.869919 0.142857
vt 0.869919 0.214286
vt 0.869919 0.285714
vt 0.869919 0.357143
vt 0.869919 0.428571
vt 0.869919 0.500000
vt 0.869919 0.571429
vt 0.869919 0.642857
vt 0.869919 0.714286
vt 0.869919 0.785714
vt 0.869919 0.857143
vt 0.878049 1.000000
vt 0.878049 0.928571
vt 0.878049 0.071429
vt 0.878049 0.000000
vt 0.878049 0.142857
vt 0.878049 0.214286
vt 0.878049 0.285714
vt 0.878049 0.357143
vt 0.878049 0.428571
vt 0.878049 0.500000
vt 0.878049 0.571429
vt 0.878049 0.642857
vt 0.878049 0.714286
vt 0.878049 0.785714
vt 0.878049 0.857143
vt 0.886179 1.000000
vt 0.886179 0.928571
vt 0.886179 0.071429
vt 0.886179 0.000000
vt 0.886179 0.142857
vt 0.886179 0.214286
vt 0.886179 0.285714
vt 0.886179 0.357143
vt 0.886179 0.428571
vt 0.886179 0.500000
vt 0.886179 0.571429
vt 0.886179 0.642857
vt 0.886179 0.714286
vt 0.886179 0.785714
vt 0.886179 0.857143
vt 0.894309 1.000000
vt 0.894309 0.928571
vt 0.894309 0.071429
vt 0.894309 0.000000
vt 0.894309 0.142857
vt 0.894309 0.214286
vt 0.894309 0.285714
vt 0.894309 0.357143
vt 0.894309 0.428571
vt 0.894309 0.500000
vt 0.894309 0.571429
vt 0.894309 0.642857
vt 0.894309 0.714286
vt 0.894309 0.785714
vt 0.894309 0.857143
vt 0.902439 1.000000
vt 0.902439 0.928571
vt 0.902439 0.071429
vt 0.902439 0.000000
vt 0.902439 0.142857
vt 0.902439 0.214286
vt 0.902439 0.285714
vt 0.902439 0.357143
vt 0.902439 0.428571
vt 0.902439 0.500000
vt 0.902439 0.571429
vt 0.902439 0.642857
vt 0.902439 0.714286
vt 0.902439 0.785714
vt 0.902439 0.857143
vt 0.910569 1.000000
vt 0.910569 0.928571
vt 0.910569 0.071429
vt 0.910569 0.000000
vt 0.910569 0.142857
vt 0.910569 0.214286
vt 0.910569 0.285714
vt 0.910569 0.357143
vt 0.910569 0.428571
vt 0.910569 0.500000
vt 0.910569 0.571429
vt 0.910569 0.642857
vt 0.910569 0.714286
vt 0.910569 0.785714
vt 0.910569 0.857143
vt 0.918699 1.000000
vt 0.918699 0.928571
vt 0.918699 0.071429
vt 0.918699 0.000000
vt 0.918699 0.142857
vt 0.918699 0.214286
vt 0.918699 0.285714
vt 0.918699 0.357143
vt 0.918699 0.428571
vt 0.918699 0.500000
vt 0.918699 0.571429
vt 0.918699 0.642857
vt 0.918699 0.714286
vt 0.918699 0.785714
vt 0.918699 0.857143
vt 0.926829 1.000000
vt 0.926829 0.928571
vt 0.926829 0.071429
vt 0.926829 0.000000
vt 0.926829 0.142857
vt 0.926829 0.214286
vt 0.926829 0.285714
vt 0.926829 0.357143
vt 0.926829 0.428571
vt 0.926829 0.500000
vt 0.926829 0.571429
vt 0.926829 0.642857
vt 0.926829 0.714286
vt 0.926829 0.785714
vt 0.926829 0.857143
vt 0.934959 1.000000
vt 0.934959 0.928571
vt 0.934959 0.071429
vt 0.934959 0.000000
vt 0.934959 0.142857
vt 0.934959 0.214286
vt 0.934959 0.285714
vt 0.934959 0.357143
vt 0.934959 0.428571
vt 0.934959 0.500000
vt 0.934959 0.571429
vt 0.934959 0.642857
vt 0.934959 0.714286
vt 0.934959 0.785714
vt 0.934959 0.857143
vt 0.943089 1.000000
vt 0.943089 0.928571
vt 0.943089 0.071429
vt 0.943089 0.000000
vt 0.943089 0.142857
vt 0.943089 0.214286
vt 0.943089 0.285714
vt 0.943089 0.357143
vt 0.943089 0.428571
vt 0.943089 0.500000
vt 0.943089 0.571429
vt 0.943089 0.642857
vt 0.943089 0.714286
vt 0.943089 0.785714
vt 0.943089 0.857143
vt 0.951219 1.000000
vt 0.951219 0.928571
vt 0.951219 0.071429
vt 0.951219 0.000000
vt 0.951219 0.142857
vt 0.951219 0.214286
vt 0.951219 0.285714
vt 0.951219 0.357143
vt 0.951219 0.428571
vt 0.951219 0.500000
vt 0.951219 0.571429
vt 0.951219 0.642857
vt 0.951219 0.714286
vt 0.951219 0.785714
vt 0.951219 0.857143
vt 0.959350 1.000000
vt 0.959350 0.928571
vt 0.959350 0.071429
vt 0.959350 0.000000
vt 0.959350 0.142857
vt 0.959350 0.214286
vt 0.959350 0.285714
vt 0.959350 0.357143
vt 0.959350 0.428571
vt 0.959350 0.500000
vt 0.959350 0.571429
vt 0.959350 0.642857
vt 0.959350 0.714286
vt 0.959350 0.785714
vt 0.959350 0.857143
vt 0.967480 1.000000
vt 0.967480 0.928571
vt 0.967480 0.071429
vt 0.967480 0.000000
vt 0.967480 0.142857
vt 0.967480 0.214286
vt 0.967480 0.285714
vt 0.967480 0.357143
vt 0.967480 0.428571
vt 0.967480 0.500000
vt 0.967480 0.571429
vt 0.967480 0.642857
vt 0.967480 0.714286
vt 0.967480 0.785714
vt 0.967480 0.857143
vt 0.975610 1.000000
vt 0.975610 0.928571
vt 0.975610 0.071429
vt 0.975610 0.000000
vt 0.975610 0.142857
vt 0.975610 0.214286
vt 0.975610 0.285714
vt 0.975610 0.357143
vt 0.975610 0.428571
vt 0.975610 0.500000
vt 0.975610 0.571429
vt 0.975610 0.642857
vt 0.975610 0.714286
vt 0.975610 0.785714
vt 0.975610 0.857143
vt 0.983740 1.000000
vt 0.983740 0.928571
vt 0.983740 0.071429
vt 0.983740 0.000000
vt 0.983740 0.142857
vt 0.983740 0.214286
vt 0.983740 0.285714
vt 0.983740 0.357143
vt 0.983740 0.428571
vt 0.983740 0.500000
vt 0.983740 0.571429
vt 0.983740 0.642857
vt 0.983740 0.714286
vt 0.983740 0.785714
vt 0.983740 0.857143
vt 0.991870 1.000000
vt 0.991870 0.928571
vt 0.991870 0.071429
vt 0.991870 0.000000
vt 0.991870 0.142857
vt 0.991870 0.214286
vt 0.991870 0.285714
vt 0.991870 0.357143
vt 0.991870 0.428571
vt 0.991870 0.500000
vt 0.991870 0.571429
vt 0.991870 0.642857
vt 0.991870 0.714286
vt 0.991870 0.785714
vt 0.991870 0.857143
vt 1.000000 1.000000
vt 1.000000 0.928571
vt 1.000000 0.071429
vt 1.000000 0.142857
vt 1.000000 0.214286
vt 1.000000 0.285714
vt 1.000000 0.357143
vt 1.000000 0.428571
vt 1.000000 0.500000
vt 1.000000 0.571429
vt 1.000000 0.642857
vt 1.000000 0.714286
vt 1.000000 0.785714
vt 1.000000 0.857143
s 0
f 274/93/142 272/94/142 273/95/142
f 274/93/142 271/96/142 272/94/142
f 275/97/142 271/96/142 274/93/142
f 275/97/142 270/98/142 271/96/142
f 276/99/142 270/98/142 275/97/142
f 276/99/142 269/100/142 270/98/142
f 277/101/142 269/100/142 276/99/142
f 277/101/142 268/102/142 269/100/142
f 278/103/142 268/102/142 277/101/142
f 278/103/142 267/104/142 268/102/142
f 279/105/142 267/104/142 278/103/142
f 279/105/142 280/106/142 267/104/142
f 290/99/143 292/103/143 291/101/143
f 289/97/143 292/103/143 290/99/143
f 289/97/143 293/105/143 292/103/143
f 288/93/143 293/105/143 289/97/143
f 288/93/143 294/106/143 293/105/143
f 287/95/143 294/106/143 288/93/143
f 287/95/143 281/104/143 294/106/143
f 286/94/143 281/104/143 287/95/143
f 286/94/143 282/102/143 281/104/143
f 285/96/143 282/102/143 286/94/143
f 285/96/143 283/100/143 282/102/143
f 284/98/144 283/100/144 285/96/144
f 295/107/145 309/108/145 322/109/145 308/110/145
f 296/111/146 310/112/146 309/113/146 295/104/146
f 297/114/147 311/115/147 310/112/147 296/111/147
f 298/116/148 312/117/148 311/115/148 297/114/148
f 299/118/149 313/119/149 312/117/149 298/116/149
f 300/120/150 314/121/150 313/119/150 299/118/150
f 301/122/151 315/123/151 314/121/151 300/120/151
f 302/124/152 316/125/152 315/123/152 301/122/152
f 303/126/153 317/127/153 316/125/153 302/124/153
f 304/128/154 318/129/154 317/127/154 303/126/154
f 305/130/155 319/131/155 318/129/155 304/128/155
f 306/132/156 320/133/156 319/131/156 305/130/156
f 307/134/157 321/135/157 320/133/157 306/132/157
f 308/110/158 322/109/158 321/135/158 307/134/158
f 309/108/159 323/136/159 336/137/159 322/109/159
f 310/112/160 324/138/160 323/139/160 309/113/160
f 311/115/161 325/140/161 324/138/161 310/112/161
f 312/117/162 326/141/162 325/140/162 311/115/162
f 313/119/163 327/142/163 326/141/163 312/117/163
f 314/121/164 328/143/164 327/142/164 313/119/164
f 315/123/165 329/144/165 328/143/165 314/121/165
f 316/125/166 330/145/166 329/144/166 315/123/166
f 317/127/167 331/146/167 330/145/167 316/125/167
f 318/129/168 332/147/168 331/146/168 317/127/168
f 319/131/169 333/148/169 332/147/169 318/129/169
f 320/133/170 334/149/170 333/148/170 319/131/170
f 321/135/171 335/150/171 334/149/171 320/133/171
f 322/109/172 336/137/172 335/150/172 321/135/172
f 323/136/173 337/151/173 350/152/173 336/137/173
f 324/138/174 338/153/174 337/154/174 323/139/174
f 325/140/175 339/155/175 338/153/175 324/138/175
f 326/141/176 340/156/176 339/155/176 325/140/176
f 327/142/177 341/157/177 340/156/177 326/141/177
f 328/143/178 342/158/178 341/157/178 327/142/178
f 329/144/179 343/159/179 342/158/179 328/143/179
f 330/145/180 344/160/180 343/159/180 329/144/180
f 331/146/181 345/161/181 344/160/181 330/145/181
f 332/147/182 346/162/182 345/161/182 331/146/182
f 333/148/183 347/163/183 346/162/183 332/147/183
f 334/149/184 348/164/184 347/163/184 333/148/184
f 335/150/185 349/165/185 348/164/185 334/149/185
f 336/137/186 350/152/186 349/165/186 335/150/186
f 337/151/187 351/166/187 364/167/187 350/152/187
f 338/153/188 352/168/188 351/169/188 337/154/188
f 339/155/189 353/170/189 352/168/189 338/153/189
f 340/156/190 354/171/190 353/170/190 339/155/190
f 341/157/191 355/172/191 354/171/191 340/156/191
f 342/158/192 356/173/192 355/172/192 341/157/192
f 343/159/193 357/174/193 356/173/193 342/158/193
f 344/160/194 358/175/194 357/174/194 343/159/194
f 345/161/195 359/176/195 358/175/195 344/160/195
f 346/162/196 360/177/196 359/176/196 345/161/196
f 347/163/197 361/178/197 360/177/197 346/162/197
f 348/164/198 362/179/198 361/178/198 347/163/198
f 349/165/199 363/180/199 362/179/199 348/164/199
f 350/152/200 364/167/200 363/180/200 349/165/200
f 351/166/201 365/181/201 378/182/201 364/167/201
f 352/168/202 366/183/202 365/184/202 351/169/202
f 353/170/203 367/185/203 366/183/203 352/168/203
f 354/171/204 368/186/204 367/185/204 353/170/204
f 355/172/205 369/187/205 368/186/205 354/171/205
f 356/173/206 370/188/206 369/187/206 355/172/206
f 357/174/207 371/189/207 370/188/207 356/173/207
f 358/175/208 372/190/208 371/189/208 357/174/208
f 359/176/209 373/191/209 372/190/209 358/175/209
f 360/177/210 374/192/210 373/191/210 359/176/210
f 361/178/211 375/193/211 374/192/211 360/177/211
f 362/179/212 376/194/212 375/193/212 361/178/212
f 363/180/213 377/195/213 376/194/213 362/179/213
f 364/167/214 378/182/214 377/195/214 363/180/214
f 365/181/215 379/196/215 392/197/215 378/182/215
f 366/183/216 380/198/216 379/199/216 365/184/216
f 367/185/217 381/200/217 380/198/217 366/183/217
f 368/186/218 382/201/218 381/200/218 367/185/218
f 369/187/219 383/202/219 382/201/219 368/186/219
f 370/188/220 384/203/220 383/202/220 369/187/220
f 371/189/221 385/204/221 384/203/221 370/188/221
f 372/190/222 386/205/222 385/204/222 371/189/222
f 373/191/223 387/206/223 386/205/223 372/190/223
f 374/192/224 388/207/224 387/206/224 373/191/224
f 375/193/225 389/208/225 388/207/225 374/192/225
f 376/194/226 390/209/226 389/208/226 375/193/226
f 377/195/227 391/210/227 390/209/227 376/194/227
f 378/182/228 392/197/228 391/210/228 377/195/228
f 379/196/229 393/211/229 406/212/229 392/197/229
f 380/198/230 394/213/230 393/214/230 379/199/230
f 381/200/231 395/215/231 394/213/231 380/198/231
f 382/201/232 396/216/232 395/215/232 381/200/232
f 383/202/233 397/217/233 396/216/233 382/201/233
f 384/203/234 398/218/234 397/217/234 383/202/234
f 385/204/235 399/219/235 398/218/235 384/203/235
f 386/205/236 400/220/236 399/219/236 385/204/236
f 387/206/237 401/221/237 400/220/237 386/205/237
f 388/207/238 402/222/238 401/221/238 387/206/238
f 389/208/239 403/223/239 402/222/239 388/207/239
f 390/209/240 404/224/240 403/223/240 389/208/240
f 391/210/241 405/225/241 404/224/241 390/209/241
f 392/197/242 406/212/242 405/225/242 391/210/242
f 393/211/243 407/226/243 420/227/243 406/212/243
f 394/213/244 408/228/244 407/229/244 393/214/244
f 395/215/245 409/230/245 408/228/245 394/213/245
f 396/216/246 410/231/246 409/230/246 395/215/246
f 397/217/247 411/232/247 410/231/247 396/216/247
f 398/218/248 412/233/248 411/232/248 397/217/248
f 399/219/249 413/234/249 412/233/249 398/218/249
f 400/220/250 414/235/250 413/234/250 399/219/250
f 401/221/251 415/236/251 414/235/251 400/220/251
f 402/222/252 416/237/252 415/236/252 401/221/252
f 403/223/253 417/238/253 416/237/253 402/222/253
f 404/224/254 418/239/254 417/238/254 403/223/254
f 405/225/255 419/240/255 418/239/255 404/224/255
f 406/212/256 420/227/256 419/240/256 405/225/256
f 407/226/257 421/241/257 434/242/257 420/227/257
f 408/228/258 422/243/258 421/244/258 407/229/258
f 409/230/259 423/245/259 422/243/259 408/228/259
f 410/231/260 424/246/260 423/245/260 409/230/260
f 411/232/261 425/247/261 424/246/261 410/231/261
f 412/233/262 426/248/262 425/247/262 411/232/262
f 413/234/263 427/249/263 426/248/263 412/233/263
f 414/235/264 428/250/264 427/249/264 413/234/264
f 415/236/265 429/251/265 428/250/265 414/235/265
f 416/237/266 430/252/266 429/251/266 415/236/266
f 417/238/267 431/253/267 430/252/267 416/237/267
f 418/239/268 432/254/268 431/253/268 417/238/268
f 419/240/269 433/255/269 432/254/269 418/239/269
f 420/227/270 434/242/270 433/255/270 419/240/270
f 421/241/271 435/256/271 448/257/271 434/242/271
f 422/243/272 436/258/272 435/259/272 421/244/272
f 423/245/273 437/260/273 436/258/273 422/243/273
f 424/246/274 438/261/274 437/260/274 423/245/274
f 425/247/275 439/262/275 438/261/275 424/246/275
f 426/248/276 440/263/276 439/262/276 425/247/276
f 427/249/277 441/264/277 440/263/277 426/248/277
f 428/250/278 442/265/278 441/264/278 427/249/278
f 429/251/279 443/266/279 442/265/279 428/250/279
f 430/252/280 444/267/280 443/266/280 429/251/280
f 431/253/281 445/268/281 444/267/281 430/252/281
f 432/254/282 446/269/282 445/268/282 431/253/282
f 433/255/283 447/270/283 446/269/283 432/254/283
f 434/242/284 448/257/284 447/270/284 433/255/284
f 435/256/285 449/271/285 462/272/285 448/257/285
f 436/258/286 450/273/286 449/274/286 435/259/286
f 437/260/287 451/275/287 450/273/287 436/258/287
f 438/261/288 452/276/288 451/275/288 437/260/288
f 439/262/289 453/277/289 452/276/289 438/261/289
f 440/263/290 454/278/290 453/277/290 439/262/290
f 441/264/291 455/279/291 454/278/291 440/263/291
f 442/265/292 456/280/292 455/279/292 441/264/292
f 443/266/293 457/281/293 456/280/293 442/265/293
f 444/267/294 458/282/294 457/281/294 443/266/294
f 445/268/295 459/283/295 458/282/295 444/267/295
f 446/269/296 460/284/296 459/283/296 445/268/296
f 447/270/297 461/285/297 460/284/297 446/269/297
f 448/257/298 462/272/298 461/285/298 447/270/298
f 449/271/299 463/286/299 476/287/299 462/272/299
f 450/273/300 464/288/300 463/289/300 449/274/300
f 451/275/301 465/290/301 464/288/301 450/273/301
f 452/276/302 466/291/302 465/290/302 451/275/302
f 453/277/303 467/292/303 466/291/303 452/276/303
f 454/278/304 468/293/304 467/292/304 453/277/304
f 455/279/305 469/294/305 468/293/305 454/278/305
f 456/280/306 470/295/306 469/294/306 455/279/306
f 457/281/307 471/296/307 470/295/307 456/280/307
f 458/282/308 472/297/308 471/296/308 457/281/308
f 459/283/309 473/298/309 472/297/309 458/282/309
f 460/284/310 474/299/310 473/298/310 459/283/310
f 461/285/311 475/300/311 474/299/311 460/284/311
f 462/272/312 476/287/312 475/300/312 461/285/312
f 463/286/313 477/301/313 490/302/313 476/287/313
f 464/288/314 478/303/314 477/304/314 463/289/314
f 465/290/315 479/305/315 478/303/315 464/288/315
f 466/291/316 480/306/316 479/305/316 465/290/316
f 467/292/317 481/307/317 480/306/317 466/291/317
f 468/293/318 482/308/318 481/307/318 467/292/318
f 469/294/319 483/309/319 482/308/319 468/293/319
f 470/295/320 484/310/320 483/309/320 469/294/320
f 471/296/321 485/311/321 484/310/321 470/295/321
f 472/297/322 486/312/322 485/311/322 471/296/322
f 473/298/323 487/313/323 486/312/323 472/297/323
f 474/299/324 488/314/324 487/313/324 473/298/324
f 475/300/325 489/315/325 488/314/325 474/299/325
f 476/287/326 490/302/326 489/315/326 475/300/326
f 477/301/327 491/316/327 504/317/327 490/302/327
f 478/303/328 492/318/328 491/319/328 477/304/328
f 479/305/329 493/320/329 492/318/329 478/303/329
f 480/306/330 494/321/330 493/320/330 479/305/330
f 481/307/331 495/322/331 494/321/331 480/306/331
f 482/308/332 496/323/332 495/322/332 481/307/332
f 483/309/333 497/324/333 496/323/333 482/308/333
f 484/310/334 498/325/334 497/324/334 483/309/334
f 485/311/335 499/326/335 498/325/335 484/310/335
f 486/312/336 500/327/336 499/326/336 485/311/336
f 487/313/337 501/328/337 500/327/337 486/312/337
f 488/314/338 502/329/338 501/328/338 487/313/338
f 489/315/339 503/330/339 502/329/339 488/314/339
f 490/302/340 504/317/340 503/330/340 489/315/340
f 491/316/341 505/331/341 518/332/341 504/317/341
f 492/318/342 506/333/342 505/334/342 491/319/342
f 493/320/343 507/335/343 506/333/343 492/318/343
f 494/321/344 508/336/344 507/335/344 493/320/344
f 495/322/345 509/337/345 508/336/345 494/321/345
f 496/323/346 510/338/346 509/337/346 495/322/346
f 497/324/347 511/339/347 510/338/347 496/323/347
f 498/325/348 512/340/348 511/339/348 497/324/348
f 499/326/349 513/341/349 512/340/349 498/325/349
f 500/327/350 514/342/350 513/341/350 499/326/350
f 501/328/351 515/343/351 514/342/351 500/327/351
f 502/329/352 516/344/352 515/343/352 501/328/352
f 503/330/353 517/345/353 516/344/353 502/329/353
f 504/317/354 518/332/354 517/345/354 503/330/354
f 505/331/355 519/346/355 532/347/355 518/332/355
f 506/333/356 520/348/356 519/349/356 505/334/356
f 507/335/357 521/350/357 520/348/357 506/333/357
f 508/336/358 522/351/358 521/350/358 507/335/358
f 509/337/359 523/352/359 522/351/359 508/336/359
f 510/338/360 524/353/360 523/352/360 509/337/360
f 511/339/361 525/354/361 524/353/361 510/338/361
f 512/340/362 526/355/362 525/354/362 511/339/362
f 513/341/363 527/356/363 526/355/363 512/340/363
f 514/342/364 528/357/364 527/356/364 513/341/364
f 515/343/365 529/358/365 528/357/365 514/342/365
f 516/344/366 530/359/366 529/358/366 515/343/366
f 517/345/367 531/360/367 530/359/367 516/344/367
f 518/332/368 532/347/368 531/360/368 517/345/368
f 519/346/369 533/361/369 546/362/369 532/347/369
f 520/348/370 534/363/370 533/364/370 519/349/370
f 521/350/371 535/365/371 534/363/371 520/348/371
f 522/351/372 536/366/372 535/365/372 521/350/372
f 523/352/373 537/367/373 536/366/373 522/351/373
f 524/353/374 538/368/374 537/367/374 523/352/374
f 525/354/375 539/369/375 538/368/375 524/353/375
f 526/355/376 540/370/376 539/369/376 525/354/376
f 527/356/377 541/371/377 540/370/377 526/355/377
f 528/357/378 542/372/378 541/371/378 527/356/378
f 529/358/379 543/373/379 542/372/379 528/357/379
f 530/359/380 544/374/380 543/373/380 529/358/380
f 531/360/381 545/375/381 544/374/381 530/359/381
f 532/347/382 546/362/382 545/375/382 531/360/382
f 533/361/383 547/376/383 560/377/383 546/362/383
f 534/363/384 548/378/384 547/379/384 533/364/384
f 535/365/385 549/380/385 548/378/385 534/363/385
f 536/366/386 550/381/386 549/380/386 535/365/386
f 537/367/387 551/382/387 550/381/387 536/366/387
f 538/368/388 552/383/388 551/382/388 537/367/388
f 539/369/389 553/384/389 552/383/389 538/368/389
f 540/370/390 554/385/390 553/384/390 539/369/390
f 541/371/391 555/386/391 554/385/391 540/370/391
f 542/372/392 556/387/392 555/386/392 541/371/392
f 543/373/393 557/388/393 556/387/393 542/372/393
f 544/374/394 558/389/394 557/388/394 543/373/394
f 545/375/395 559/390/395 558/389/395 544/374/395
f 546/362/396 560/377/396 559/390/396 545/375/396
f 547/376/397 561/391/397 574/392/397 560/377/397
f 548/378/398 562/393/398 561/394/398 547/379/398
f 549/380/399 563/395/399 562/393/399 548/378/399
f 550/381/400 564/396/400 563/395/400 549/380/400
f 551/382/401 565/397/401 564/396/401 550/381/401
f 552/383/402 566/398/402 565/397/402 551/382/402
f 553/384/403 567/399/403 566/398/403 552/383/403
f 554/385/404 568/400/404 567/399/404 553/384/404
f 555/386/405 569/401/405 568/400/405 554/385/405
f 556/387/406 570/402/406 569/401/406 555/386/406
f 557/388/407 571/403/407 570/402/407 556/387/407
f 558/389/408 572/404/408 571/403/408 557/388/408
f 559/390/409 573/405/409 572/404/409 558/389/409
f 560/377/410 574/392/410 573/405/410 559/390/410
f 561/391/411 575/406/411 588/407/411 574/392/411
f 562/393/412 576/408/412 575/409/412 561/394/412
f 563/395/413 577/410/413 576/408/413 562/393/413
f 564/396/414 578/411/414 577/410/414 563/395/414
f 565/397/415 579/412/415 578/411/415 564/396/415
f 566/398/416 580/413/416 579/412/416 565/397/416
f 567/399/417 581/414/417 580/413/417 566/398/417
f 568/400/418 582/415/418 581/414/418 567/399/418
f 569/401/419 583/416/419 582/415/419 568/400/419
f 570/402/420 584/417/420 583/416/420 569/401/420
f 571/403/421 585/418/421 584/417/421 570/402/421
f 572/404/422 586/419/422 585/418/422 571/403/422
f 573/405/423 587/420/423 586/419/423 572/404/423
f 574/392/424 588/407/424 587/420/424 573/405/424
f 575/406/425 589/421/425 602/422/425 588/407/425
f 576/408/426 590/423/426 589/424/426 575/409/426
f 577/410/427 591/425/427 590/423/427 576/408/427
f 578/411/428 592/426/428 591/425/428 577/410/428
f 579/412/429 593/427/429 592/426/429 578/411/429
f 580/413/430 594/428/430 593/427/430 579/412/430
f 581/414/431 595/429/431 594/428/431 580/413/431
f 582/415/432 596/430/432 595/429/432 581/414/432
f 583/416/433 597/431/433 596/430/433 582/415/433
f 584/417/434 598/432/434 597/431/434 583/416/434
f 585/418/435 599/433/435 598/432/435 584/417/435
f 586/419/436 600/434/436 599/433/436 585/418/436
f 587/420/437 601/435/437 600/434/437 586/419/437
f 588/407/438 602/422/438 601/435/438 587/420/438
f 589/421/439 603/436/439 616/437/439 602/422/439
f 590/423/440 604/438/440 603/439/440 589/424/440
f 591/425/441 605/440/441 604/438/441 590/423/441
f 592/426/442 606/441/442 605/440/442 591/425/442
f 593/427/443 607/442/443 606/441/443 592/426/443
f 594/428/444 608/443/444 607/442/444 593/427/444
f 595/429/445 609/444/445 608/443/445 594/428/445
f 596/430/446 610/445/446 609/444/446 595/429/446
f 597/431/447 611/446/447 610/445/447 596/430/447
f 598/432/448 612/447/448 611/446/448 597/431/448
f 599/433/449 613/448/449 612/447/449 598/432/449
f 600/434/450 614/449/450 613/448/450 599/433/450
f 601/435/451 615/450/451 614/449/451 600/434/451
f 602/422/452 616/437/452 615/450/452 601/435/452
f 603/436/453 617/451/453 630/452/453 616/437/453
f 604/438/454 618/453/454 617/454/454 603/439/454
f 605/440/455 619/455/455 618/453/455 604/438/455
f 606/441/456 620/456/456 619/455/456 605/440/456
f 607/442/457 621/457/457 620/456/457 606/441/457
f 608/443/458 622/458/458 621/457/458 607/442/458
f 609/444/459 623/459/459 622/458/459 608/443/459
f 610/445/460 624/460/460 623/459/460 609/444/460
f 611/446/461 625/461/461 624/460/461 610/445/461
f 612/447/462 626/462/462 625/461/462 611/446/462
f 613/448/463 627/463/463 626/462/463 612/447/463
f 614/449/464 628/464/464 627/463/464 613/448/464
f 615/450/465 629/465/465 628/464/465 614/449/465
f 616/437/466 630/452/466 629/465/466 615/450/466
f 617/451/467 631/466/467 644/467/467 630/452/467
f 618/453/468 632/468/468 631/469/468 617/454/468
f 619/455/469 633/470/469 632/468/469 618/453/469
f 620/456/470 634/471/470 633/470/470 619/455/470
f 621/457/471 635/472/471 634/471/471 620/456/471
f 622/458/472 636/473/472 635/472/472 621/457/472
f 623/459/473 637/474/473 636/473/473 622/458/473
f 624/460/474 638/475/474 637/474/474 623/459/474
f 625/461/475 639/476/475 638/475/475 624/460/475
f 626/462/476 640/477/476 639/476/476 625/461/476
f 627/463/477 641/478/477 640/477/477 626/462/477
f 628/464/478 642/479/478 641/478/478 627/463/478
f 629/465/479 643/480/479 642/479/479 628/464/479
f 630/452/480 644/467/480 643/480/480 629/465/480
f 631/466/481 645/481/481 658/482/481 644/467/481
f 632/468/482 646/483/482 645/484/482 631/469/482
f 633/470/483 647/485/483 646/483/483 632/468/483
f 634/471/484 648/486/484 647/485/484 633/470/484
f 635/472/485 649/487/485 648/486/485 634/471/485
f 636/473/486 650/488/486 649/487/486 635/472/486
f 637/474/487 651/489/487 650/488/487 636/473/487
f 638/475/488 652/490/488 651/489/488 637/474/488
f 639/476/489 653/491/489 652/490/489 638/475/489
f 640/477/490 654/492/490 653/491/490 639/476/490
f 641/478/491 655/493/491 654/492/491 640/477/491
f 642/479/492 656/494/492 655/493/492 641/478/492
f 643/480/493 657/495/493 656/494/493 642/479/493
f 644/467/494 658/482/494 657/495/494 643/480/494
f 645/481/495 659/496/495 672/497/495 658/482/495
f 646/483/496 660/498/496 659/499/496 645/484/496
f 647/485/497 661/500/497 660/498/497 646/483/497
f 648/486/498 662/501/498 661/500/498 647/485/498
f 649/487/499 663/502/499 662/501/499 648/486/499
f 650/488/500 664/503/500 663/502/500 649/487/500
f 651/489/501 665/504/501 664/503/501 650/488/501
f 652/490/502 666/505/502 665/504/502 651/489/502
f 653/491/503 667/506/503 666/505/503 652/490/503
f 654/492/504 668/507/504 667/506/504 653/491/504
f 655/493/505 669/508/505 668/507/505 654/492/505
f 656/494/506 670/509/506 669/508/506 655/493/506
f 657/495/507 671/510/507 670/509/507 656/494/507
f 658/482/508 672/497/508 671/510/508 657/495/508
f 659/496/509 673/511/509 686/512/509 672/497/509
f 660/498/510 674/513/510 673/514/510 659/499/510
f 661/500/511 675/515/511 674/513/511 660/498/511
f 662/501/512 676/516/512 675/515/512 661/500/512
f 663/502/513 677/517/513 676/516/513 662/501/513
f 664/503/514 678/518/514 677/517/514 663/502/514
f 665/504/515 679/519/515 678/518/515 664/503/515
f 666/505/516 680/520/516 679/519/516 665/504/516
f 667/506/517 681/521/517 680/520/517 666/505/517
f 668/507/518 682/522/518 681/521/518 667/506/518
f 669/508/519 683/523/519 682/522/519 668/507/519
f 670/509/520 684/524/520 683/523/520 669/508/520
f 671/510/521 685/525/521 684/524/521 670/509/521
f 672/497/522 686/512/522 685/525/522 671/510/522
f 673/511/523 687/526/523 700/527/523 686/512/523
f 674/513/524 688/528/524 687/529/524 673/514/524
f 675/515/525 689/530/525 688/528/525 674/513/525
f 676/516/526 690/531/526 689/530/526 675/515/526
f 677/517/527 691/532/527 690/531/527 676/516/527
f 678/518/528 692/533/528 691/532/528 677/517/528
f 679/519/529 693/534/529 692/533/529 678/518/529
f 680/520/530 694/535/530 693/534/530 679/519/530
f 681/521/531 695/536/531 694/535/531 680/520/531
f 682/522/532 696/537/532 695/536/532 681/521/532
f 683/523/533 697/538/533 696/537/533 682/522/533
f 684/524/534 698/539/534 697/538/534 683/523/534
f 685/525/535 699/540/535 698/539/535 684/524/535
f 686/512/536 700/527/536 699/540/536 685/525/536
f 687/526/537 701/541/537 714/542/537 700/527/537
f 688/528/538 702/543/538 701/544/538 687/529/538
f 689/530/539 703/545/539 702/543/539 688/528/539
f 690/531/540 704/546/540 703/545/540 689/530/540
f 691/532/541 705/547/541 704/546/541 690/531/541
f 692/533/542 706/548/542 705/547/542 691/532/542
f 693/534/543 707/549/543 706/548/543 692/533/543
f 694/535/544 708/550/544 707/549/544 693/534/544
f 695/536/545 709/551/545 708/550/545 694/535/545
f 696/537/546 710/552/546 709/551/546 695/536/546
f 697/538/547 711/553/547 710/552/547 696/537/547
f 698/539/548 712/554/548 711/553/548 697/538/548
f 699/540/549 713/555/549 712/554/549 698/539/549
f 700/527/550 714/542/550 713/555/550 699/540/550
f 701/541/551 715/556/551 728/557/551 714/542/551
f 702/543/552 716/558/552 715/559/552 701/544/552
f 703/545/553 717/560/553 716/558/553 702/543/553
f 704/546/554 718/561/554 717/560/554 703/545/554
f 705/547/555 719/562/555 718/561/555 704/546/555
f 706/548/556 720/563/556 719/562/556 705/547/556
f 707/549/557 721/564/557 720/563/557 706/548/557
f 708/550/558 722/565/558 721/564/558 707/549/558
f 709/551/559 723/566/559 722/565/559 708/550/559
f 710/552/560 724/567/560 723/566/560 709/551/560
f 711/553/561 725/568/561 724/567/561 710/552/561
f 712/554/562 726/569/562 725/568/562 711/553/562
f 713/555/563 727/570/563 726/569/563 712/554/563
f 714/542/564 728/557/564 727/570/564 713/555/564
f 715/556/565 729/571/565 742/572/565 728/557/565
f 716/558/566 730/573/566 729/574/566 715/559/566
f 717/560/567 731/575/567 730/573/567 716/558/567
f 718/561/568 732/576/568 731/575/568 717/560/568
f 719/562/569 733/577/569 732/576/569 718/561/569
f 720/563/570 734/578/570 733/577/570 719/562/570
f 721/564/571 735/579/571 734/578/571 720/563/571
f 722/565/572 736/580/572 735/579/572 721/564/572
f 723/566/573 737/581/573 736/580/573 722/565/573
f 724/567/574 738/582/574 737/581/574 723/566/574
f 725/568/575 739/583/575 738/582/575 724/567/575
f 726/569/576 740/584/576 739/583/576 725/568/576
f 727/570/577 741/585/577 740/584/577 726/569/577
f 728/557/578 742/572/578 741/585/578 727/570/578
f 729/571/579 743/586/579 756/587/579 742/572/579
f 730/573/580 744/588/580 743/589/580 729/574/580
f 731/575/581 745/590/581 744/588/581 730/573/581
f 732/576/582 746/591/582 745/590/582 731/575/582
f 733/577/583 747/592/583 746/591/583 732/576/583
f 734/578/584 748/593/584 747/592/584 733/577/584
f 735/579/585 749/594/585 748/593/585 734/578/585
f 736/580/586 750/595/586 749/594/586 735/579/586
f 737/581/587 751/596/587 750/595/587 736/580/587
f 738/582/588 752/597/588 751/596/588 737/581/588
f 739/583/589 753/598/589 752/597/589 738/582/589
f 740/584/590 754/599/590 753/598/590 739/583/590
f 741/585/591 755/600/591 754/599/591 740/584/591
f 742/572/592 756/587/592 755/600/592 741/585/592
f 743/586/593 757/601/593 770/602/593 756/587/593
f 744/588/594 758/603/594 757/604/594 743/589/594
f 745/590/595 759/605/595 758/603/595 744/588/595
f 746/591/596 760/606/596 759/605/596 745/590/596
f 747/592/597 761/607/597 760/606/597 746/591/597
f 748/593/598 762/608/598 761/607/598 747/592/598
f 749/594/599 763/609/599 762/608/599 748/593/599
f 750/595/600 764/610/600 763/609/600 749/594/600
f 751/596/601 765/611/601 764/610/601 750/595/601
f 752/597/602 766/612/602 765/611/602 751/596/602
f 753/598/603 767/613/603 766/612/603 752/597/603
f 754/599/604 768/614/604 767/613/604 753/598/604
f 755/600/605 769/615/605 768/614/605 754/599/605
f 756/587/606 770/602/606 769/615/606 755/600/606
f 757/601/607 771/616/607 784/617/607 770/602/607
f 758/603/608 772/618/608 771/619/608 757/604/608
f 759/605/609 773/620/609 772/618/609 758/603/609
f 760/606/610 774/621/610 773/620/610 759/605/610
f 761/607/611 775/622/611 774/621/611 760/606/611
f 762/608/612 776/623/612 775/622/612 761/607/612
f 763/609/613 777/624/613 776/623/613 762/608/613
f 764/610/614 778/625/614 777/624/614 763/609/614
f 765/611/615 779/626/615 778/625/615 764/610/615
f 766/612/616 780/627/616 779/626/616 765/611/616
f 767/613/617 781/628/617 780/627/617 766/612/617
f 768/614/618 782/629/618 781/628/618 767/613/618
f 769/615/619 783/630/619 782/629/619 768/614/619
f 770/602/620 784/617/620 783/630/620 769/615/620
f 771/616/621 785/631/621 798/632/621 784/617/621
f 772/618/622 786/633/622 785/634/622 771/619/622
f 773/620/623 787/635/623 786/633/623 772/618/623
f 774/621/624 788/636/624 787/635/624 773/620/624
f 775/622/625 789/637/625 788/636/625 774/621/625
f 776/623/626 790/638/626 789/637/626 775/622/626
f 777/624/627 791/639/627 790/638/627 776/623/627
f 778/625/628 792/640/628 791/639/628 777/624/628
f 779/626/629 793/641/629 792/640/629 778/625/629
f 780/627/630 794/642/630 793/641/630 779/626/630
f 781/628/631 795/643/631 794/642/631 780/627/631
f 782/629/632 796/644/632 795/643/632 781/628/632
f 783/630/633 797/645/633 796/644/633 782/629/633
f 784/617/634 798/632/634 797/645/634 783/630/634
f 785/631/635 799/646/635 812/647/635 798/632/635
f 786/633/636 800/648/636 799/649/636 785/634/636
f 787/635/637 801/650/637 800/648/637 786/633/637
f 788/636/638 802/651/638 801/650/638 787/635/638
f 789/637/639 803/652/639 802/651/639 788/636/639
f 790/638/640 804/653/640 803/652/640 789/637/640
f 791/639/641 805/654/641 804/653/641 790/638/641
f 792/640/642 806/655/642 805/654/642 791/639/642
f 793/641/643 807/656/643 806/655/643 792/640/643
f 794/642/644 808/657/644 807/656/644 793/641/644
f 795/643/645 809/658/645 808/657/645 794/642/645
f 796/644/646 810/659/646 809/658/646 795/643/646
f 797/645/647 811/660/647 810/659/647 796/644/647
f 798/632/648 812/647/648 811/660/648 797/645/648
f 799/646/649 813/661/649 826/662/649 812/647/649
f 800/648/650 814/663/650 813/664/650 799/649/650
f 801/650/651 815/665/651 814/663/651 800/648/651
f 802/651/652 816/666/652 815/665/652 801/650/652
f 803/652/653 817/667/653 816/666/653 802/651/653
f 804/653/654 818/668/654 817/667/654 803/652/654
f 805/654/655 819/669/655 818/668/655 804/653/655
f 806/655/656 820/670/656 819/669/656 805/654/656
f 807/656/657 821/671/657 820/670/657 806/655/657
f 808/657/658 822/672/658 821/671/658 807/656/658
f 809/658/659 823/673/659 822/672/659 808/657/659
f 810/659/660 824/674/660 823/673/660 809/658/660
f 811/660/661 825/675/661 824/674/661 810/659/661
f 812/647/662 826/662/662 825/675/662 811/660/662
f 813/661/663 827/676/663 840/677/663 826/662/663
f 814/663/664 828/678/664 827/679/664 813/664/664
f 815/665/665 829/680/665 828/678/665 814/663/665
f 816/666/666 830/681/666 829/680/666 815/665/666
f 817/667/667 831/682/667 830/681/667 816/666/667
f 818/668/668 832/683/668 831/682/668 817/667/668
f 819/669/669 833/684/669 832/683/669 818/668/669
f 820/670/670 834/685/670 833/684/670 819/669/670
f 821/671/671 835/686/671 834/685/671 820/670/671
f 822/672/672 836/687/672 835/686/672 821/671/672
f 823/673/673 837/688/673 836/687/673 822/672/673
f 824/674/674 838/689/674 837/688/674 823/673/674
f 825/675/675 839/690/675 838/689/675 824/674/675
f 826/662/676 840/677/676 839/690/676 825/675/676
f 827/676/677 841/691/677 854/692/677 840/677/677
f 828/678/678 842/693/678 841/694/678 827/679/678
f 829/680/679 843/695/679 842/693/679 828/678/679
f 830/681/680 844/696/680 843/695/680 829/680/680
f 831/682/681 845/697/681 844/696/681 830/681/681
f 832/683/682 846/698/682 845/697/682 831/682/682
f 833/684/683 847/699/683 846/698/683 832/683/683
f 834/685/684 848/700/684 847/699/684 833/684/684
f 835/686/685 849/701/685 848/700/685 834/685/685
f 836/687/686 850/702/686 849/701/686 835/686/686
f 837/688/687 851/703/687 850/702/687 836/687/687
f 838/689/688 852/704/688 851/703/688 837/688/688
f 839/690/689 853/705/689 852/704/689 838/689/689
f 840/677/690 854/692/690 853/705/690 839/690/690
f 841/691/691 855/706/691 868/707/691 854/692/691
f 842/693/692 856/708/692 855/709/692 841/694/692
f 843/695/693 857/710/693 856/708/693 842/693/693
f 844/696/694 858/711/694 857/710/694 843/695/694
f 845/697/695 859/712/695 858/711/695 844/696/695
f 846/698/696 860/713/696 859/712/696 845/697/696
f 847/699/697 861/714/697 860/713/697 846/698/697
f 848/700/698 862/715/698 861/714/698 847/699/698
f 849/701/699 863/716/699 862/715/699 848/700/699
f 850/702/700 864/717/700 863/716/700 849/701/700
f 851/703/701 865/718/701 864/717/701 850/702/701
f 852/704/702 866/719/702 865/718/702 851/703/702
f 853/705/703 867/720/703 866/719/703 852/704/703
f 854/692/704 868/707/704 867/720/704 853/705/704
f 855/706/705 869/721/705 882/722/705 868/707/705
f 856/708/706 870/723/706 869/724/706 855/709/706
f 857/710/707 871/725/707 870/723/707 856/708/707
f 858/711/708 872/726/708 871/725/708 857/710/708
f 859/712/709 873/727/709 872/726/709 858/711/709
f 860/713/710 874/728/710 873/727/710 859/712/710
f 861/714/711 875/729/711 874/728/711 860/713/711
f 862/715/712 876/730/712 875/729/712 861/714/712
f 863/716/713 877/731/713 876/730/713 862/715/713
f 864/717/714 878/732/714 877/731/714 863/716/714
f 865/718/715 879/733/715 878/732/715 864/717/715
f 866/719/716 880/734/716 879/733/716 865/718/716
f 867/720/717 881/735/717 880/734/717 866/719/717
f 868/707/718 882/722/718 881/735/718 867/720/718
f 869/721/719 883/736/719 896/737/719 882/722/719
f 870/723/720 884/738/720 883/739/720 869/724/720
f 871/725/721 885/740/721 884/738/721 870/723/721
f 872/726/722 886/741/722 885/740/722 871/725/722
f 873/727/723 887/742/723 886/741/723 872/726/723
f 874/728/724 888/743/724 887/742/724 873/727/724
f 875/729/725 889/744/725 888/743/725 874/728/725
f 876/730/726 890/745/726 889/744/726 875/729/726
f 877/731/727 891/746/727 890/745/727 876/730/727
f 878/732/728 892/747/728 891/746/728 877/731/728
f 879/733/729 893/748/729 892/747/729 878/732/729
f 880/734/730 894/749/730 893/748/730 879/733/730
f 881/735/731 895/750/731 894/749/731 880/734/731
f 882/722/732 896/737/732 895/750/732 881/735/732
f 883/736/733 897/751/733 910/752/733 896/737/733
f 884/738/734 898/753/734 897/754/734 883/739/734
f 885/740/735 899/755/735 898/753/735 884/738/735
f 886/741/736 900/756/736 899/755/736 885/740/736
f 887/742/737 901/757/737 900/756/737 886/741/737
f 888/743/738 902/758/738 901/757/738 887/742/738
f 889/744/739 903/759/739 902/758/739 888/743/739
f 890/745/740 904/760/740 903/759/740 889/744/740
f 891/746/741 905/761/741 904/760/741 890/745/741
f 892/747/742 906/762/742 905/761/742 891/746/742
f 893/748/743 907/763/743 906/762/743 892/747/743
f 894/749/744 908/764/744 907/763/744 893/748/744
f 895/750/745 909/765/745 908/764/745 894/749/745
f 896/737/746 910/752/746 909/765/746 895/750/746
f 897/751/747 911/766/747 924/767/747 910/752/747
f 898/753/748 912/768/748 911/769/748 897/754/748
f 899/755/749 913/770/749 912/768/749 898/753/749
f 900/756/750 914/771/750 913/770/750 899/755/750
f 901/757/751 915/772/751 914/771/751 900/756/751
f 902/758/752 916/773/752 915/772/752 901/757/752
f 903/759/753 917/774/753 916/773/753 902/758/753
f 904/760/754 918/775/754 917/774/754 903/759/754
f 905/761/755 919/776/755 918/775/755 904/760/755
f 906/762/756 920/777/756 919/776/756 905/761/756
f 907/763/757 921/778/757 920/777/757 906/762/757
f 908/764/758 922/779/758 921/778/758 907/763/758
f 909/765/759 923/780/759 922/779/759 908/764/759
f 910/752/760 924/767/760 923/780/760 909/765/760
f 911/766/761 925/781/761 938/782/761 924/767/761
f 912/768/762 926/783/762 925/784/762 911/769/762
f 913/770/763 927/785/763 926/783/763 912/768/763
f 914/771/764 928/786/764 927/785/764 913/770/764
f 915/772/765 929/787/765 928/786/765 914/771/765
f 916/773/766 930/788/766 929/787/766 915/772/766
f 917/774/767 931/789/767 930/788/767 916/773/767
f 918/775/768 932/790/768 931/789/768 917/774/768
f 919/776/769 933/791/769 932/790/769 918/775/769
f 920/777/770 934/792/770 933/791/770 919/776/770
f 921/778/771 935/793/771 934/792/771 920/777/771
f 922/779/772 936/794/772 935/793/772 921/778/772
f 923/780/773 937/795/773 936/794/773 922/779/773
f 924/767/774 938/782/774 937/795/774 923/780/774
f 925/781/775 939/796/775 952/797/775 938/782/775
f 926/783/776 940/798/776 939/799/776 925/784/776
f 927/785/777 941/800/777 940/798/777 926/783/777
f 928/786/778 942/801/778 941/800/778 927/785/778
f 929/787/779 943/802/779 942/801/779 928/786/779
f 930/788/780 944/803/780 943/802/780 929/787/780
f 931/789/781 945/804/781 944/803/781 930/788/781
f 932/790/782 946/805/782 945/804/782 931/789/782
f 933/791/783 947/806/783 946/805/783 932/790/783
f 934/792/784 948/807/784 947/806/784 933/791/784
f 935/793/785 949/808/785 948/807/785 934/792/785
f 936/794/786 950/809/786 949/808/786 935/793/786
f 937/795/787 951/810/787 950/809/787 936/794/787
f 938/782/788 952/797/788 951/810/788 937/795/788
f 939/796/789 953/811/789 966/812/789 952/797/789
f 940/798/790 954/813/790 953/814/790 939/799/790
f 941/800/791 955/815/791 954/813/791 940/798/791
f 942/801/792 956/816/792 955/815/792 941/800/792
f 943/802/793 957/817/793 956/816/793 942/801/793
f 944/803/794 958/818/794 957/817/794 943/802/794
f 945/804/795 959/819/795 958/818/795 944/803/795
f 946/805/796 960/820/796 959/819/796 945/804/796
f 947/806/797 961/821/797 960/820/797 946/805/797
f 948/807/798 962/822/798 961/821/798 947/806/798
f 949/808/799 963/823/799 962/822/799 948/807/799
f 950/809/800 964/824/800 963/823/800 949/808/800
f 951/810/801 965/825/801 964/824/801 950/809/801
f 952/797/802 966/812/802 965/825/802 951/810/802
f 953/811/803 967/826/803 980/827/803 966/812/803
f 954/813/804 968/828/804 967/829/804 953/814/804
f 955/815/805 969/830/805 968/828/805 954/813/805
f 956/816/806 970/831/806 969/830/806 955/815/806
f 957/817/807 971/832/807 970/831/807 956/816/807
f 958/818/808 972/833/808 971/832/808 957/817/808
f 959/819/809 973/834/809 972/833/809 958/818/809
f 960/820/810 974/835/810 973/834/810 959/819/810
f 961/821/811 975/836/811 974/835/811 960/820/811
f 962/822/812 976/837/812 975/836/812 961/821/812
f 963/823/813 977/838/813 976/837/813 962/822/813
f 964/824/814 978/839/814 977/838/814 963/823/814
f 965/825/815 979/840/815 978/839/815 964/824/815
f 966/812/816 980/827/816 979/840/816 965/825/816
f 967/826/817 981/841/817 994/842/817 980/827/817
f 968/828/818 982/843/818 981/844/818 967/829/818
f 969/830/819 983/845/819 982/843/819 968/828/819
f 970/831/820 984/846/820 983/845/820 969/830/820
f 971/832/821 985/847/821 984/846/821 970/831/821
f 972/833/822 986/848/822 985/847/822 971/832/822
f 973/834/823 987/849/823 986/848/823 972/833/823
f 974/835/824 988/850/824 987/849/824 973/834/824
f 975/836/825 989/851/825 988/850/825 974/835/825
f 976/837/826 990/852/826 989/851/826 975/836/826
f 977/838/827 991/853/827 990/852/827 976/837/827
f 978/839/828 992/854/828 991/853/828 977/838/828
f 979/840/829 993/855/829 992/854/829 978/839/829
f 980/827/830 994/842/830 993/855/830 979/840/830
f 981/841/831 995/856/831 1008/857/831 994/842/831
f 982/843/832 996/858/832 995/859/832 981/844/832
f 983/845/833 997/860/833 996/858/833 982/843/833
f 984/846/834 998/861/834 997/860/834 983/845/834
f 985/847/835 999/862/835 998/861/835 984/846/835
f 986/848/836 1000/863/836 999/862/836 985/847/836
f 987/849/837 1001/864/837 1000/863/837 986/848/837
f 988/850/838 1002/865/838 1001/864/838 987/849/838
f 989/851/839 1003/866/839 1002/865/839 988/850/839
f 990/852/840 1004/867/840 1003/866/840 989/851/840
f 991/853/841 1005/868/841 1004/867/841 990/852/841
f 992/854/842 1006/869/842 1005/868/842 991/853/842
f 993/855/843 1007/870/843 1006/869/843 992/854/843
f 994/842/844 1008/857/844 1007/870/844 993/855/844
f 995/856/845 1009/871/845 1022/872/845 1008/857/845
f 996/858/846 1010/873/846 1009/874/846 995/859/846
f 997/860/847 1011/875/847 1010/873/847 996/858/847
f 998/861/848 1012/876/848 1011/875/848 997/860/848
f 999/862/849 1013/877/849 1012/876/849 998/861/849
f 1000/863/850 1014/878/850 1013/877/850 999/862/850
f 1001/864/851 1015/879/851 1014/878/851 1000/863/851
f 1002/865/852 1016/880/852 1015/879/852 1001/864/852
f 1003/866/853 1017/881/853 1016/880/853 1002/865/853
f 1004/867/854 1018/882/854 1017/881/854 1003/866/854
f 1005/868/855 1019/883/855 1018/882/855 1004/867/855
f 1006/869/856 1020/884/856 1019/883/856 1005/868/856
f 1007/870/857 1021/885/857 1020/884/857 1006/869/857
f 1008/857/858 1022/872/858 1021/885/858 1007/870/858
f 1009/871/859 1023/886/859 1036/887/859 1022/872/859
f 1010/873/860 1024/888/860 1023/889/860 1009/874/860
f 1011/875/861 1025/890/861 1024/888/861 1010/873/861
f 1012/876/862 1026/891/862 1025/890/862 1011/875/862
f 1013/877/863 1027/892/863 1026/891/863 1012/876/863
f 1014/878/864 1028/893/864 1027/892/864 1013/877/864
f 1015/879/865 1029/894/865 1028/893/865 1014/878/865
f 1016/880/866 1030/895/866 1029/894/866 1015/879/866
f 1017/881/867 1031/896/867 1030/895/867 1016/880/867
f 1018/882/868 1032/897/868 1031/896/868 1017/881/868
f 1019/883/869 1033/898/869 1032/897/869 1018/882/869
f 1020/884/870 1034/899/870 1033/898/870 1019/883/870
f 1021/885/871 1035/900/871 1034/899/871 1020/884/871
f 1022/872/872 1036/887/872 1035/900/872 1021/885/872
f 1023/886/873 1037/901/873 1050/902/873 1036/887/873
f 1024/888/874 1038/903/874 1037/904/874 1023/889/874
f 1025/890/875 1039/905/875 1038/903/875 1024/888/875
f 1026/891/876 1040/906/876 1039/905/876 1025/890/876
f 1027/892/877 1041/907/877 1040/906/877 1026/891/877
f 1028/893/878 1042/908/878 1041/907/878 1027/892/878
f 1029/894/879 1043/909/879 1042/908/879 1028/893/879
f 1030/895/880 1044/910/880 1043/909/880 1029/894/880
f 1031/896/881 1045/911/881 1044/910/881 1030/895/881
f 1032/897/882 1046/912/882 1045/911/882 1031/896/882
f 1033/898/883 1047/913/883 1046/912/883 1032/897/883
f 1034/899/884 1048/914/884 1047/913/884 1033/898/884
f 1035/900/885 1049/915/885 1048/914/885 1034/899/885
f 1036/887/886 1050/902/886 1049/915/886 1035/900/886
f 1037/901/887 1051/916/887 1064/917/887 1050/902/887
f 1038/903/888 1052/918/888 1051/919/888 1037/904/888
f 1039/905/889 1053/920/889 1052/918/889 1038/903/889
f 1040/906/890 1054/921/890 1053/920/890 1039/905/890
f 1041/907/891 1055/922/891 1054/921/891 1040/906/891
f 1042/908/892 1056/923/892 1055/922/892 1041/907/892
f 1043/909/893 1057/924/893 1056/923/893 1042/908/893
f 1044/910/894 1058/925/894 1057/924/894 1043/909/894
f 1045/911/895 1059/926/895 1058/925/895 1044/910/895
f 1046/912/896 1060/927/896 1059/926/896 1045/911/896
f 1047/913/897 1061/928/897 1060/927/897 1046/912/897
f 1048/914/898 1062/929/898 1061/928/898 1047/913/898
f 1049/915/899 1063/930/899 1062/929/899 1048/914/899
f 1050/902/900 1064/917/900 1063/930/900 1049/915/900
f 1051/916/901 1065/931/901 1078/932/901 1064/917/901
f 1052/918/902 1066/933/902 1065/934/902 1051/919/902
f 1053/920/903 1067/935/903 1066/933/903 1052/918/903
f 1054/921/904 1068/936/904 1067/935/904 1053/920/904
f 1055/922/905 1069/937/905 1068/936/905 1054/921/905
f 1056/923/906 1070/938/906 1069/937/906 1055/922/906
f 1057/924/907 1071/939/907 1070/938/907 1056/923/907
f 1058/925/908 1072/940/908 1071/939/908 1057/924/908
f 1059/926/909 1073/941/909 1072/940/909 1058/925/909
f 1060/927/910 1074/942/910 1073/941/910 1059/926/910
f 1061/928/911 1075/943/911 1074/942/911 1060/927/911
f 1062/929/912 1076/944/912 1075/943/912 1061/928/912
f 1063/930/913 1077/945/913 1076/944/913 1062/929/913
f 1064/917/914 1078/932/914 1077/945/914 1063/930/914
f 1065/931/915 1079/946/915 1092/947/915 1078/932/915
f 1066/933/916 1080/948/916 1079/949/916 1065/934/916
f 1067/935/917 1081/950/917 1080/948/917 1066/933/917
f 1068/936/918 1082/951/918 1081/950/918 1067/935/918
f 1069/937/919 1083/952/919 1082/951/919 1068/936/919
f 1070/938/920 1084/953/920 1083/952/920 1069/937/920
f 1071/939/921 1085/954/921 1084/953/921 1070/938/921
f 1072/940/922 1086/955/922 1085/954/922 1071/939/922
f 1073/941/923 1087/956/923 1086/955/923 1072/940/923
f 1074/942/924 1088/957/924 1087/956/924 1073/941/924
f 1075/943/925 1089/958/925 1088/957/925 1074/942/925
f 1076/944/926 1090/959/926 1089/958/926 1075/943/926
f 1077/945/927 1091/960/927 1090/959/927 1076/944/927
f 1078/932/928 1092/947/928 1091/960/928 1077/945/928
f 1079/946/929 1093/961/929 1106/962/929 1092/947/929
f 1080/948/930 1094/963/930 1093/964/930 1079/949/930
f 1081/950/931 1095/965/931 1094/963/931 1080/948/931
f 1082/951/932 1096/966/932 1095/965/932 1081/950/932
f 1083/952/933 1097/967/933 1096/966/933 1082/951/933
f 1084/953/934 1098/968/934 1097/967/934 1083/952/934
f 1085/954/935 1099/969/935 1098/968/935 1084/953/935
f 1086/955/936 1100/970/936 1099/969/936 1085/954/936
f 1087/956/937 1101/971/937 1100/970/937 1086/955/937
f 1088/957/938 1102/972/938 1101/971/938 1087/956/938
f 1089/958/939 1103/973/939 1102/972/939 1088/957/939
f 1090/959/940 1104/974/940 1103/973/940 1089/958/940
f 1091/960/941 1105/975/941 1104/974/941 1090/959/941
f 1092/947/942 1106/962/942 1105/975/942 1091/960/942
f 1093/961/943 1107/976/943 1120/977/943 1106/962/943
f 1094/963/944 1108/978/944 1107/979/944 1093/964/944
f 1095/965/945 1109/980/945 1108/978/945 1094/963/945
f 1096/966/946 1110/981/946 1109/980/946 1095/965/946
f 1097/967/947 1111/982/947 1110/981/947 1096/966/947
f 1098/968/948 1112/983/948 1111/982/948 1097/967/948
f 1099/969/949 1113/984/949 1112/983/949 1098/968/949
f 1100/970/950 1114/985/950 1113/984/950 1099/969/950
f 1101/971/951 1115/986/951 1114/985/951 1100/970/951
f 1102/972/952 1116/987/952 1115/986/952 1101/971/952
f 1103/973/953 1117/988/953 1116/987/953 1102/972/953
f 1104/974/954 1118/989/954 1117/988/954 1103/973/954
f 1105/975/955 1119/990/955 1118/989/955 1104/974/955
f 1106/962/956 1120/977/956 1119/990/956 1105/975/956
f 1107/976/957 1121/991/957 1134/992/957 1120/977/957
f 1108/978/958 1122/993/958 1121/994/958 1107/979/958
f 1109/980/959 1123/995/959 1122/993/959 1108/978/959
f 1110/981/960 1124/996/960 1123/995/960 1109/980/960
f 1111/982/961 1125/997/961 1124/996/961 1110/981/961
f 1112/983/962 1126/998/962 1125/997/962 1111/982/962
f 1113/984/963 1127/999/963 1126/998/963 1112/983/963
f 1114/985/964 1128/1000/964 1127/999/964 1113/984/964
f 1115/986/965 1129/1001/965 1128/1000/965 1114/985/965
f 1116/987/966 1130/1002/966 1129/1001/966 1115/986/966
f 1117/988/967 1131/1003/967 1130/1002/967 1116/987/967
f 1118/989/968 1132/1004/968 1131/1003/968 1117/988/968
f 1119/990/969 1133/1005/969 1132/1004/969 1118/989/969
f 1120/977/970 1134/992/970 1133/1005/970 1119/990/970
f 1121/991/971 1135/1006/971 1148/1007/971 1134/992/971
f 1122/993/972 1136/1008/972 1135/1009/972 1121/994/972
f 1123/995/973 1137/1010/973 1136/1008/973 1122/993/973
f 1124/996/974 1138/1011/974 1137/1010/974 1123/995/974
f 1125/997/975 1139/1012/975 1138/1011/975 1124/996/975
f 1126/998/976 1140/1013/976 1139/1012/976 1125/997/976
f 1127/999/977 1141/1014/977 1140/1013/977 1126/998/977
f 1128/1000/978 1142/1015/978 1141/1014/978 1127/999/978
f 1129/1001/979 1143/1016/979 1142/1015/979 1128/1000/979
f 1130/1002/980 1144/1017/980 1143/1016/980 1129/1001/980
f 1131/1003/981 1145/1018/981 1144/1017/981 1130/1002/981
f 1132/1004/982 1146/1019/982 1145/1018/982 1131/1003/982
f 1133/1005/983 1147/1020/983 1146/1019/983 1132/1004/983
f 1134/992/984 1148/1007/984 1147/1020/984 1133/1005/984
f 1135/1006/985 1149/1021/985 1162/1022/985 1148/1007/985
f 1136/1008/986 1150/1023/986 1149/1024/986 1135/1009/986
f 1137/1010/987 1151/1025/987 1150/1023/987 1136/1008/987
f 1138/1011/988 1152/1026/988 1151/1025/988 1137/1010/988
f 1139/1012/989 1153/1027/989 1152/1026/989 1138/1011/989
f 1140/1013/990 1154/1028/990 1153/1027/990 1139/1012/990
f 1141/1014/991 1155/1029/991 1154/1028/991 1140/1013/991
f 1142/1015/992 1156/1030/992 1155/1029/992 1141/1014/992
f 1143/1016/993 1157/1031/993 1156/1030/993 1142/1015/993
f 1144/1017/994 1158/1032/994 1157/1031/994 1143/1016/994
f 1145/1018/995 1159/1033/995 1158/1032/995 1144/1017/995
f 1146/1019/996 1160/1034/996 1159/1033/996 1145/1018/996
f 1147/1020/997 1161/1035/997 1160/1034/997 1146/1019/997
f 1148/1007/998 1162/1022/998 1161/1035/998 1147/1020/998
f 1149/1021/999 1163/1036/999 1176/1037/999 1162/1022/999
f 1150/1023/1000 1164/1038/1000 1163/1039/1000 1149/1024/1000
f 1151/1025/1001 1165/1040/1001 1164/1038/1001 1150/1023/1001
f 1152/1026/1002 1166/1041/1002 1165/1040/1002 1151/1025/1002
f 1153/1027/1003 1167/1042/1003 1166/1041/1003 1152/1026/1003
f 1154/1028/1004 1168/1043/1004 1167/1042/1004 1153/1027/1004
f 1155/1029/1005 1169/1044/1005 1168/1043/1005 1154/1028/1005
f 1156/1030/1006 1170/1045/1006 1169/1044/1006 1155/1029/1006
f 1157/1031/1007 1171/1046/1007 1170/1045/1007 1156/1030/1007
f 1158/1032/1008 1172/1047/1008 1171/1046/1008 1157/1031/1008
f 1159/1033/1009 1173/1048/1009 1172/1047/1009 1158/1032/1009
f 1160/1034/1010 1174/1049/1010 1173/1048/1010 1159/1033/1010
f 1161/1035/1011 1175/1050/1011 1174/1049/1011 1160/1034/1011
f 1162/1022/1012 1176/1037/1012 1175/1050/1012 1161/1035/1012
f 1163/1036/1013 1177/1051/1013 1190/1052/1013 1176/1037/1013
f 1164/1038/1014 1178/1053/1014 1177/1054/1014 1163/1039/1014
f 1165/1040/1015 1179/1055/1015 1178/1053/1015 1164/1038/1015
f 1166/1041/1016 1180/1056/1016 1179/1055/1016 1165/1040/1016
f 1167/1042/1017 1181/1057/1017 1180/1056/1017 1166/1041/1017
f 1168/1043/1018 1182/1058/1018 1181/1057/1018 1167/1042/1018
f 1169/1044/1019 1183/1059/1019 1182/1058/1019 1168/1043/1019
f 1170/1045/1020 1184/1060/1020 1183/1059/1020 1169/1044/1020
f 1171/1046/1021 1185/1061/1021 1184/1060/1021 1170/1045/1021
f 1172/1047/1022 1186/1062/1022 1185/1061/1022 1171/1046/1022
f 1173/1048/1023 1187/1063/1023 1186/1062/1023 1172/1047/1023
f 1174/1049/1024 1188/1064/1024 1187/1063/1024 1173/1048/1024
f 1175/1050/1025 1189/1065/1025 1188/1064/1025 1174/1049/1025
f 1176/1037/1026 1190/1052/1026 1189/1065/1026 1175/1050/1026
f 1177/1051/1027 1191/1066/1027 1204/1067/1027 1190/1052/1027
f 1178/1053/1028 1192/1068/1028 1191/1069/1028 1177/1054/1028
f 1179/1055/1029 1193/1070/1029 1192/1068/1029 1178/1053/1029
f 1180/1056/1030 1194/1071/1030 1193/1070/1030 1179/1055/1030
f 1181/1057/1031 1195/1072/1031 1194/1071/1031 1180/1056/1031
f 1182/1058/1032 1196/1073/1032 1195/1072/1032 1181/1057/1032
f 1183/1059/1033 1197/1074/1033 1196/1073/1033 1182/1058/1033
f 1184/1060/1034 1198/1075/1034 1197/1074/1034 1183/1059/1034
f 1185/1061/1035 1199/1076/1035 1198/1075/1035 1184/1060/1035
f 1186/1062/1036 1200/1077/1036 1199/1076/1036 1185/1061/1036
f 1187/1063/1037 1201/1078/1037 1200/1077/1037 1186/1062/1037
f 1188/1064/1038 1202/1079/1038 1201/1078/1038 1187/1063/1038
f 1189/1065/1039 1203/1080/1039 1202/1079/1039 1188/1064/1039
f 1190/1052/1040 1204/1067/1040 1203/1080/1040 1189/1065/1040
f 1191/1066/1041 1205/1081/1041 1218/1082/1041 1204/1067/1041
f 1192/1068/1042 1206/1083/1042 1205/1084/1042 1191/1069/1042
f 1193/1070/1043 1207/1085/1043 1206/1083/1043 1192/1068/1043
f 1194/1071/1044 1208/1086/1044 1207/1085/1044 1193/1070/1044
f 1195/1072/1045 1209/1087/1045 1208/1086/1045 1194/1071/1045
f 1196/1073/1046 1210/1088/1046 1209/1087/1046 1195/1072/1046
f 1197/1074/1047 1211/1089/1047 1210/1088/1047 1196/1073/1047
f 1198/1075/1048 1212/1090/1048 1211/1089/1048 1197/1074/1048
f 1199/1076/1049 1213/1091/1049 1212/1090/1049 1198/1075/1049
f 1200/1077/1050 1214/1092/1050 1213/1091/1050 1199/1076/1050
f 1201/1078/1051 1215/1093/1051 1214/1092/1051 1200/1077/1051
f 1202/1079/1052 1216/1094/1052 1215/1093/1052 1201/1078/1052
f 1203/1080/1053 1217/1095/1053 1216/1094/1053 1202/1079/1053
f 1204/1067/1054 1218/1082/1054 1217/1095/1054 1203/1080/1054
f 1205/1081/1055 1219/1096/1055 1232/1097/1055 1218/1082/1055
f 1206/1083/1056 1220/1098/1056 1219/1099/1056 1205/1084/1056
f 1207/1085/1057 1221/1100/1057 1220/1098/1057 1206/1083/1057
f 1208/1086/1058 1222/1101/1058 1221/1100/1058 1207/1085/1058
f 1209/1087/1059 1223/1102/1059 1222/1101/1059 1208/1086/1059
f 1210/1088/1060 1224/1103/1060 1223/1102/1060 1209/1087/1060
f 1211/1089/1061 1225/1104/1061 1224/1103/1061 1210/1088/1061
f 1212/1090/1062 1226/1105/1062 1225/1104/1062 1211/1089/1062
f 1213/1091/1063 1227/1106/1063 1226/1105/1063 1212/1090/1063
f 1214/1092/1064 1228/1107/1064 1227/1106/1064 1213/1091/1064
f 1215/1093/1065 1229/1108/1065 1228/1107/1065 1214/1092/1065
f 1216/1094/1066 1230/1109/1066 1229/1108/1066 1215/1093/1066
f 1217/1095/1067 1231/1110/1067 1230/1109/1067 1216/1094/1067
f 1218/1082/1068 1232/1097/1068 1231/1110/1068 1217/1095/1068
f 1219/1096/1069 1233/1111/1069 1246/1112/1069 1232/1097/1069
f 1220/1098/1070 1234/1113/1070 1233/1114/1070 1219/1099/1070
f 1221/1100/1071 1235/1115/1071 1234/1113/1071 1220/1098/1071
f 1222/1101/1072 1236/1116/1072 1235/1115/1072 1221/1100/1072
f 1223/1102/1073 1237/1117/1073 1236/1116/1073 1222/1101/1073
f 1224/1103/1074 1238/1118/1074 1237/1117/1074 1223/1102/1074
f 1225/1104/1075 1239/1119/1075 1238/1118/1075 1224/1103/1075
f 1226/1105/1076 1240/1120/1076 1239/1119/1076 1225/1104/1076
f 1227/1106/1077 1241/1121/1077 1240/1120/1077 1226/1105/1077
f 1228/1107/1078 1242/1122/1078 1241/1121/1078 1227/1106/1078
f 1229/1108/1079 1243/1123/1079 1242/1122/1079 1228/1107/1079
f 1230/1109/1080 1244/1124/1080 1243/1123/1080 1229/1108/1080
f 1231/1110/1081 1245/1125/1081 1244/1124/1081 1230/1109/1081
f 1232/1097/1082 1246/1112/1082 1245/1125/1082 1231/1110/1082
f 1233/1111/1083 1247/1126/1083 1260/1127/1083 1246/1112/1083
f 1234/1113/1084 1248/1128/1084 1247/1129/1084 1233/1114/1084
f 1235/1115/1085 1249/1130/1085 1248/1128/1085 1234/1113/1085
f 1236/1116/1086 1250/1131/1086 1249/1130/1086 1235/1115/1086
f 1237/1117/1087 1251/1132/1087 1250/1131/1087 1236/1116/1087
f 1238/1118/1088 1252/1133/1088 1251/1132/1088 1237/1117/1088
f 1239/1119/1089 1253/1134/1089 1252/1133/1089 1238/1118/1089
f 1240/1120/1090 1254/1135/1090 1253/1134/1090 1239/1119/1090
f 1241/1121/1091 1255/1136/1091 1254/1135/1091 1240/1120/1091
f 1242/1122/1092 1256/1137/1092 1255/1136/1092 1241/1121/1092
f 1243/1123/1093 1257/1138/1093 1256/1137/1093 1242/1122/1093
f 1244/1124/1094 1258/1139/1094 1257/1138/1094 1243/1123/1094
f 1245/1125/1095 1259/1140/1095 1258/1139/1095 1244/1124/1095
f 1246/1112/1096 1260/1127/1096 1259/1140/1096 1245/1125/1096
f 1247/1126/1097 1261/1141/1097 1274/1142/1097 1260/1127/1097
f 1248/1128/1098 1262/1143/1098 1261/1144/1098 1247/1129/1098
f 1249/1130/1099 1263/1145/1099 1262/1143/1099 1248/1128/1099
f 1250/1131/1100 1264/1146/1100 1263/1145/1100 1249/1130/1100
f 1251/1132/1101 1265/1147/1101 1264/1146/1101 1250/1131/1101
f 1252/1133/1102 1266/1148/1102 1265/1147/1102 1251/1132/1102
f 1253/1134/1103 1267/1149/1103 1266/1148/1103 1252/1133/1103
f 1254/1135/1104 1268/1150/1104 1267/1149/1104 1253/1134/1104
f 1255/1136/1105 1269/1151/1105 1268/1150/1105 1254/1135/1105
f 1256/1137/1106 1270/1152/1106 1269/1151/1106 1255/1136/1106
f 1257/1138/1107 1271/1153/1107 1270/1152/1107 1256/1137/1107
f 1258/1139/1108 1272/1154/1108 1271/1153/1108 1257/1138/1108
f 1259/1140/1109 1273/1155/1109 1272/1154/1109 1258/1139/1109
f 1260/1127/1110 1274/1142/1110 1273/1155/1110 1259/1140/1110
f 1261/1141/1111 1275/1156/1111 1288/1157/1111 1274/1142/1111
f 1262/1143/1112 1276/1158/1112 1275/1159/1112 1261/1144/1112
f 1263/1145/1113 1277/1160/1113 1276/1158/1113 1262/1143/1113
f 1264/1146/1114 1278/1161/1114 1277/1160/1114 1263/1145/1114
f 1265/1147/1115 1279/1162/1115 1278/1161/1115 1264/1146/1115
f 1266/1148/1116 1280/1163/1116 1279/1162/1116 1265/1147/1116
f 1267/1149/1117 1281/1164/1117 1280/1163/1117 1266/1148/1117
f 1268/1150/1118 1282/1165/1118 1281/1164/1118 1267/1149/1118
f 1269/1151/1119 1283/1166/1119 1282/1165/1119 1268/1150/1119
f 1270/1152/1120 1284/1167/1120 1283/1166/1120 1269/1151/1120
f 1271/1153/1121 1285/1168/1121 1284/1167/1121 1270/1152/1121
f 1272/1154/1122 1286/1169/1122 1285/1168/1122 1271/1153/1122
f 1273/1155/1123 1287/1170/1123 1286/1169/1123 1272/1154/1123
f 1274/1142/1124 1288/1157/1124 1287/1170/1124 1273/1155/1124
f 1275/1156/1125 1289/1171/1125 1302/1172/1125 1288/1157/1125
f 1276/1158/1126 1290/1173/1126 1289/1174/1126 1275/1159/1126
f 1277/1160/1127 1291/1175/1127 1290/1173/1127 1276/1158/1127
f 1278/1161/1128 1292/1176/1128 1291/1175/1128 1277/1160/1128
f 1279/1162/1129 1293/1177/1129 1292/1176/1129 1278/1161/1129
f 1280/1163/1130 1294/1178/1130 1293/1177/1130 1279/1162/1130
f 1281/1164/1131 1295/1179/1131 1294/1178/1131 1280/1163/1131
f 1282/1165/1132 1296/1180/1132 1295/1179/1132 1281/1164/1132
f 1283/1166/1133 1297/1181/1133 1296/1180/1133 1282/1165/1133
f 1284/1167/1134 1298/1182/1134 1297/1181/1134 1283/1166/1134
f 1285/1168/1135 1299/1183/1135 1298/1182/1135 1284/1167/1135
f 1286/1169/1136 1300/1184/1136 1299/1183/1136 1285/1168/1136
f 1287/1170/1137 1301/1185/1137 1300/1184/1137 1286/1169/1137
f 1288/1157/1138 1302/1172/1138 1301/1185/1138 1287/1170/1138
f 1289/1171/1139 1303/1186/1139 1316/1187/1139 1302/1172/1139
f 1290/1173/1140 1304/1188/1140 1303/1189/1140 1289/1174/1140
f 1291/1175/1141 1305/1190/1141 1304/1188/1141 1290/1173/1141
f 1292/1176/1142 1306/1191/1142 1305/1190/1142 1291/1175/1142
f 1293/1177/1143 1307/1192/1143 1306/1191/1143 1292/1176/1143
f 1294/1178/1144 1308/1193/1144 1307/1192/1144 1293/1177/1144
f 1295/1179/1145 1309/1194/1145 1308/1193/1145 1294/1178/1145
f 1296/1180/1146 1310/1195/1146 1309/1194/1146 1295/1179/1146
f 1297/1181/1147 1311/1196/1147 1310/1195/1147 1296/1180/1147
f 1298/1182/1148 1312/1197/1148 1311/1196/1148 1297/1181/1148
f 1299/1183/1149 1313/1198/1149 1312/1197/1149 1298/1182/1149
f 1300/1184/1150 1314/1199/1150 1313/1198/1150 1299/1183/1150
f 1301/1185/1151 1315/1200/1151 1314/1199/1151 1300/1184/1151
f 1302/1172/1152 1316/1187/1152 1315/1200/1152 1301/1185/1152
f 1303/1186/1153 1317/1201/1153 1330/1202/1153 1316/1187/1153
f 1304/1188/1154 1318/1203/1154 1317/1204/1154 1303/1189/1154
f 1305/1190/1155 1319/1205/1155 1318/1203/1155 1304/1188/1155
f 1306/1191/1156 1320/1206/1156 1319/1205/1156 1305/1190/1156
f 1307/1192/1157 1321/1207/1157 1320/1206/1157 1306/1191/1157
f 1308/1193/1158 1322/1208/1158 1321/1207/1158 1307/1192/1158
f 1309/1194/1159 1323/1209/1159 1322/1208/1159 1308/1193/1159
f 1310/1195/1160 1324/1210/1160 1323/1209/1160 1309/1194/1160
f 1311/1196/1161 1325/1211/1161 1324/1210/1161 1310/1195/1161
f 1312/1197/1162 1326/1212/1162 1325/1211/1162 1311/1196/1162
f 1313/1198/1163 1327/1213/1163 1326/1212/1163 1312/1197/1163
f 1314/1199/1164 1328/1214/1164 1327/1213/1164 1313/1198/1164
f 1315/1200/1165 1329/1215/1165 1328/1214/1165 1314/1199/1165
f 1316/1187/1166 1330/1202/1166 1329/1215/1166 1315/1200/1166
f 1317/1201/1167 1331/1216/1167 1344/1217/1167 1330/1202/1167
f 1318/1203/1168 1332/1218/1168 1331/1219/1168 1317/1204/1168
f 1319/1205/1169 1333/1220/1169 1332/1218/1169 1318/1203/1169
f 1320/1206/1170 1334/1221/1170 1333/1220/1170 1319/1205/1170
f 1321/1207/1171 1335/1222/1171 1334/1221/1171 1320/1206/1171
f 1322/1208/1172 1336/1223/1172 1335/1222/1172 1321/1207/1172
f 1323/1209/1173 1337/1224/1173 1336/1223/1173 1322/1208/1173
f 1324/1210/1174 1338/1225/1174 1337/1224/1174 1323/1209/1174
f 1325/1211/1175 1339/1226/1175 1338/1225/1175 1324/1210/1175
f 1326/1212/1176 1340/1227/1176 1339/1226/1176 1325/1211/1176
f 1327/1213/1177 1341/1228/1177 1340/1227/1177 1326/1212/1177
f 1328/1214/1178 1342/1229/1178 1341/1228/1178 1327/1213/1178
f 1329/1215/1179 1343/1230/1179 1342/1229/1179 1328/1214/1179
f 1330/1202/1180 1344/1217/1180 1343/1230/1180 1329/1215/1180
f 1331/1216/1181 1345/1231/1181 1358/1232/1181 1344/1217/1181
f 1332/1218/1182 1346/1233/1182 1345/1234/1182 1331/1219/1182
f 1333/1220/1183 1347/1235/1183 1346/1233/1183 1332/1218/1183
f 1334/1221/1184 1348/1236/1184 1347/1235/1184 1333/1220/1184
f 1335/1222/1185 1349/1237/1185 1348/1236/1185 1334/1221/1185
f 1336/1223/1186 1350/1238/1186 1349/1237/1186 1335/1222/1186
f 1337/1224/1187 1351/1239/1187 1350/1238/1187 1336/1223/1187
f 1338/1225/1188 1352/1240/1188 1351/1239/1188 1337/1224/1188
f 1339/1226/1189 1353/1241/1189 1352/1240/1189 1338/1225/1189
f 1340/1227/1190 1354/1242/1190 1353/1241/1190 1339/1226/1190
f 1341/1228/1191 1355/1243/1191 1354/1242/1191 1340/1227/1191
f 1342/1229/1192 1356/1244/1192 1355/1243/1192 1341/1228/1192
f 1343/1230/1193 1357/1245/1193 1356/1244/1193 1342/1229/1193
f 1344/1217/1194 1358/1232/1194 1357/1245/1194 1343/1230/1194
f 1345/1231/1195 1359/1246/1195 1372/1247/1195 1358/1232/1195
f 1346/1233/1196 1360/1248/1196 1359/1249/1196 1345/1234/1196
f 1347/1235/1197 1361/1250/1197 1360/1248/1197 1346/1233/1197
f 1348/1236/1198 1362/1251/1198 1361/1250/1198 1347/1235/1198
f 1349/1237/1199 1363/1252/1199 1362/1251/1199 1348/1236/1199
f 1350/1238/1200 1364/1253/1200 1363/1252/1200 1349/1237/1200
f 1351/1239/1201 1365/1254/1201 1364/1253/1201 1350/1238/1201
f 1352/1240/1202 1366/1255/1202 1365/1254/1202 1351/1239/1202
f 1353/1241/1203 1367/1256/1203 1366/1255/1203 1352/1240/1203
f 1354/1242/1204 1368/1257/1204 1367/1256/1204 1353/1241/1204
f 1355/1243/1205 1369/1258/1205 1368/1257/1205 1354/1242/1205
f 1356/1244/1206 1370/1259/1206 1369/1258/1206 1355/1243/1206
f 1357/1245/1207 1371/1260/1207 1370/1259/1207 1356/1244/1207
f 1358/1232/1208 1372/1247/1208 1371/1260/1208 1357/1245/1208
f 1359/1246/1209 1373/1261/1209 1386/1262/1209 1372/1247/1209
f 1360/1248/1210 1374/1263/1210 1373/1264/1210 1359/1249/1210
f 1361/1250/1211 1375/1265/1211 1374/1263/1211 1360/1248/1211
f 1362/1251/1212 1376/1266/1212 1375/1265/1212 1361/1250/1212
f 1363/1252/1213 1377/1267/1213 1376/1266/1213 1362/1251/1213
f 1364/1253/1214 1378/1268/1214 1377/1267/1214 1363/1252/1214
f 1365/1254/1215 1379/1269/1215 1378/1268/1215 1364/1253/1215
f 1366/1255/1216 1380/1270/1216 1379/1269/1216 1365/1254/1216
f 1367/1256/1217 1381/1271/1217 1380/1270/1217 1366/1255/1217
f 1368/1257/1218 1382/1272/1218 1381/1271/1218 1367/1256/1218
f 1369/1258/1219 1383/1273/1219 1382/1272/1219 1368/1257/1219
f 1370/1259/1220 1384/1274/1220 1383/1273/1220 1369/1258/1220
f 1371/1260/1221 1385/1275/1221 1384/1274/1221 1370/1259/1221
f 1372/1247/1222 1386/1262/1222 1385/1275/1222 1371/1260/1222
f 1373/1261/1223 1387/1276/1223 1400/1277/1223 1386/1262/1223
f 1374/1263/1224 1388/1278/1224 1387/1279/1224 1373/1264/1224
f 1375/1265/1225 1389/1280/1225 1388/1278/1225 1374/1263/1225
f 1376/1266/1226 1390/1281/1226 1389/1280/1226 1375/1265/1226
f 1377/1267/1227 1391/1282/1227 1390/1281/1227 1376/1266/1227
f 1378/1268/1228 1392/1283/1228 1391/1282/1228 1377/1267/1228
f 1379/1269/1229 1393/1284/1229 1392/1283/1229 1378/1268/1229
f 1380/1270/1230 1394/1285/1230 1393/1284/1230 1379/1269/1230
f 1381/1271/1231 1395/1286/1231 1394/1285/1231 1380/1270/1231
f 1382/1272/1232 1396/1287/1232 1395/1286/1232 1381/1271/1232
f 1383/1273/1233 1397/1288/1233 1396/1287/1233 1382/1272/1233
f 1384/1274/1234 1398/1289/1234 1397/1288/1234 1383/1273/1234
f 1385/1275/1235 1399/1290/1235 1398/1289/1235 1384/1274/1235
f 1386/1262/1236 1400/1277/1236 1399/1290/1236 1385/1275/1236
f 1387/1276/1237 1401/1291/1237 1414/1292/1237 1400/1277/1237
f 1388/1278/1238 1402/1293/1238 1401/1294/1238 1387/1279/1238
f 1389/1280/1239 1403/1295/1239 1402/1293/1239 1388/1278/1239
f 1390/1281/1240 1404/1296/1240 1403/1295/1240 1389/1280/1240
f 1391/1282/1241 1405/1297/1241 1404/1296/1241 1390/1281/1241
f 1392/1283/1242 1406/1298/1242 1405/1297/1242 1391/1282/1242
f 1393/1284/1243 1407/1299/1243 1406/1298/1243 1392/1283/1243
f 1394/1285/1244 1408/1300/1244 1407/1299/1244 1393/1284/1244
f 1395/1286/1245 1409/1301/1245 1408/1300/1245 1394/1285/1245
f 1396/1287/1246 1410/1302/1246 1409/1301/1246 1395/1286/1246
f 1397/1288/1247 1411/1303/1247 1410/1302/1247 1396/1287/1247
f 1398/1289/1248 1412/1304/1248 1411/1303/1248 1397/1288/1248
f 1399/1290/1249 1413/1305/1249 1412/1304/1249 1398/1289/1249
f 1400/1277/1250 1414/1292/1250 1413/1305/1250 1399/1290/1250
f 1401/1291/1251 1415/1306/1251 1428/1307/1251 1414/1292/1251
f 1402/1293/1252 1416/1308/1252 1415/1309/1252 1401/1294/1252
f 1403/1295/1253 1417/1310/1253 1416/1308/1253 1402/1293/1253
f 1404/1296/1254 1418/1311/1254 1417/1310/1254 1403/1295/1254
f 1405/1297/1255 1419/1312/1255 1418/1311/1255 1404/1296/1255
f 1406/1298/1256 1420/1313/1256 1419/1312/1256 1405/1297/1256
f 1407/1299/1257 1421/1314/1257 1420/1313/1257 1406/1298/1257
f 1408/1300/1258 1422/1315/1258 1421/1314/1258 1407/1299/1258
f 1409/1301/1259 1423/1316/1259 1422/1315/1259 1408/1300/1259
f 1410/1302/1260 1424/1317/1260 1423/1316/1260 1409/1301/1260
f 1411/1303/1261 1425/1318/1261 1424/1317/1261 1410/1302/1261
f 1412/1304/1262 1426/1319/1262 1425/1318/1262 1411/1303/1262
f 1413/1305/1263 1427/1320/1263 1426/1319/1263 1412/1304/1263
f 1414/1292/1264 1428/1307/1264 1427/1320/1264 1413/1305/1264
f 1415/1306/1265 1429/1321/1265 1442/1322/1265 1428/1307/1265
f 1416/1308/1266 1430/1323/1266 1429/1324/1266 1415/1309/1266
f 1417/1310/1267 1431/1325/1267 1430/1323/1267 1416/1308/1267
f 1418/1311/1268 1432/1326/1268 1431/1325/1268 1417/1310/1268
f 1419/1312/1269 1433/1327/1269 1432/1326/1269 1418/1311/1269
f 1420/1313/1270 1434/1328/1270 1433/1327/1270 1419/1312/1270
f 1421/1314/1271 1435/1329/1271 1434/1328/1271 1420/1313/1271
f 1422/1315/1272 1436/1330/1272 1435/1329/1272 1421/1314/1272
f 1423/1316/1273 1437/1331/1273 1436/1330/1273 1422/1315/1273
f 1424/1317/1274 1438/1332/1274 1437/1331/1274 1423/1316/1274
f 1425/1318/1275 1439/1333/1275 1438/1332/1275 1424/1317/1275
f 1426/1319/1276 1440/1334/1276 1439/1333/1276 1425/1318/1276
f 1427/1320/1277 1441/1335/1277 1440/1334/1277 1426/1319/1277
f 1428/1307/1278 1442/1322/1278 1441/1335/1278 1427/1320/1278
f 1429/1321/1279 1443/1336/1279 1456/1337/1279 1442/1322/1279
f 1430/1323/1280 1444/1338/1280 1443/1339/1280 1429/1324/1280
f 1431/1325/1281 1445/1340/1281 1444/1338/1281 1430/1323/1281
f 1432/1326/1282 1446/1341/1282 1445/1340/1282 1431/1325/1282
f 1433/1327/1283 1447/1342/1283 1446/1341/1283 1432/1326/1283
f 1434/1328/1284 1448/1343/1284 1447/1342/1284 1433/1327/1284
f 1435/1329/1285 1449/1344/1285 1448/1343/1285 1434/1328/1285
f 1436/1330/1286 1450/1345/1286 1449/1344/1286 1435/1329/1286
f 1437/1331/1287 1451/1346/1287 1450/1345/1287 1436/1330/1287
f 1438/1332/1288 1452/1347/1288 1451/1346/1288 1437/1331/1288
f 1439/1333/1289 1453/1348/1289 1452/1347/1289 1438/1332/1289
f 1440/1334/1290 1454/1349/1290 1453/1348/1290 1439/1333/1290
f 1441/1335/1291 1455/1350/1291 1454/1349/1291 1440/1334/1291
f 1442/1322/1292 1456/1337/1292 1455/1350/1292 1441/1335/1292
f 1443/1336/1293 1457/1351/1293 1470/1352/1293 1456/1337/1293
f 1444/1338/1294 1458/1353/1294 1457/1354/1294 1443/1339/1294
f 1445/1340/1295 1459/1355/1295 1458/1353/1295 1444/1338/1295
f 1446/1341/1296 1460/1356/1296 1459/1355/1296 1445/1340/1296
f 1447/1342/1297 1461/1357/1297 1460/1356/1297 1446/1341/1297
f 1448/1343/1298 1462/1358/1298 1461/1357/1298 1447/1342/1298
f 1449/1344/1299 1463/1359/1299 1462/1358/1299 1448/1343/1299
f 1450/1345/1300 1464/1360/1300 1463/1359/1300 1449/1344/1300
f 1451/1346/1301 1465/1361/1301 1464/1360/1301 1450/1345/1301
f 1452/1347/1302 1466/1362/1302 1465/1361/1302 1451/1346/1302
f 1453/1348/1303 1467/1363/1303 1466/1362/1303 1452/1347/1303
f 1454/1349/1304 1468/1364/1304 1467/1363/1304 1453/1348/1304
f 1455/1350/1305 1469/1365/1305 1468/1364/1305 1454/1349/1305
f 1456/1337/1306 1470/1352/1306 1469/1365/1306 1455/1350/1306
f 1457/1351/1307 1471/1366/1307 1484/1367/1307 1470/1352/1307
f 1458/1353/1308 1472/1368/1308 1471/1369/1308 1457/1354/1308
f 1459/1355/1309 1473/1370/1309 1472/1368/1309 1458/1353/1309
f 1460/1356/1310 1474/1371/1310 1473/1370/1310 1459/1355/1310
f 1461/1357/1311 1475/1372/1311 1474/1371/1311 1460/1356/1311
f 1462/1358/1312 1476/1373/1312 1475/1372/1312 1461/1357/1312
f 1463/1359/1313 1477/1374/1313 1476/1373/1313 1462/1358/1313
f 1464/1360/1314 1478/1375/1314 1477/1374/1314 1463/1359/1314
f 1465/1361/1315 1479/1376/1315 1478/1375/1315 1464/1360/1315
f 1466/1362/1316 1480/1377/1316 1479/1376/1316 1465/1361/1316
f 1467/1363/1317 1481/1378/1317 1480/1377/1317 1466/1362/1317
f 1468/1364/1318 1482/1379/1318 1481/1378/1318 1467/1363/1318
f 1469/1365/1319 1483/1380/1319 1482/1379/1319 1468/1364/1319
f 1470/1352/1320 1484/1367/1320 1483/1380/1320 1469/1365/1320
f 1471/1366/1321 1485/1381/1321 1498/1382/1321 1484/1367/1321
f 1472/1368/1322 1486/1383/1322 1485/1384/1322 1471/1369/1322
f 1473/1370/1323 1487/1385/1323 1486/1383/1323 1472/1368/1323
f 1474/1371/1324 1488/1386/1324 1487/1385/1324 1473/1370/1324
f 1475/1372/1325 1489/1387/1325 1488/1386/1325 1474/1371/1325
f 1476/1373/1326 1490/1388/1326 1489/1387/1326 1475/1372/1326
f 1477/1374/1327 1491/1389/1327 1490/1388/1327 1476/1373/1327
f 1478/1375/1328 1492/1390/1328 1491/1389/1328 1477/1374/1328
f 1479/1376/1329 1493/1391/1329 1492/1390/1329 1478/1375/1329
f 1480/1377/1330 1494/1392/1330 1493/1391/1330 1479/1376/1330
f 1481/1378/1331 1495/1393/1331 1494/1392/1331 1480/1377/1331
f 1482/1379/1332 1496/1394/1332 1495/1393/1332 1481/1378/1332
f 1483/1380/1333 1497/1395/1333 1496/1394/1333 1482/1379/1333
f 1484/1367/1334 1498/1382/1334 1497/1395/1334 1483/1380/1334
f 1485/1381/1335 1499/1396/1335 1512/1397/1335 1498/1382/1335
f 1486/1383/1336 1500/1398/1336 1499/1399/1336 1485/1384/1336
f 1487/1385/1337 1501/1400/1337 1500/1398/1337 1486/1383/1337
f 1488/1386/1338 1502/1401/1338 1501/1400/1338 1487/1385/1338
f 1489/1387/1339 1503/1402/1339 1502/1401/1339 1488/1386/1339
f 1490/1388/1340 1504/1403/1340 1503/1402/1340 1489/1387/1340
f 1491/1389/1341 1505/1404/1341 1504/1403/1341 1490/1388/1341
f 1492/1390/1342 1506/1405/1342 1505/1404/1342 1491/1389/1342
f 1493/1391/1343 1507/1406/1343 1506/1405/1343 1492/1390/1343
f 1494/1392/1344 1508/1407/1344 1507/1406/1344 1493/1391/1344
f 1495/1393/1345 1509/1408/1345 1508/1407/1345 1494/1392/1345
f 1496/1394/1346 1510/1409/1346 1509/1408/1346 1495/1393/1346
f 1497/1395/1347 1511/1410/1347 1510/1409/1347 1496/1394/1347
f 1498/1382/1348 1512/1397/1348 1511/1410/1348 1497/1395/1348
f 1499/1396/1349 1513/1411/1349 1526/1412/1349 1512/1397/1349
f 1500/1398/1350 1514/1413/1350 1513/1414/1350 1499/1399/1350
f 1501/1400/1351 1515/1415/1351 1514/1413/1351 1500/1398/1351
f 1502/1401/1352 1516/1416/1352 1515/1415/1352 1501/1400/1352
f 1503/1402/1353 1517/1417/1353 1516/1416/1353 1502/1401/1353
f 1504/1403/1354 1518/1418/1354 1517/1417/1354 1503/1402/1354
f 1505/1404/1355 1519/1419/1355 1518/1418/1355 1504/1403/1355
f 1506/1405/1356 1520/1420/1356 1519/1419/1356 1505/1404/1356
f 1507/1406/1357 1521/1421/1357 1520/1420/1357 1506/1405/1357
f 1508/1407/1358 1522/1422/1358 1521/1421/1358 1507/1406/1358
f 1509/1408/1359 1523/1423/1359 1522/1422/1359 1508/1407/1359
f 1510/1409/1360 1524/1424/1360 1523/1423/1360 1509/1408/1360
f 1511/1410/1361 1525/1425/1361 1524/1424/1361 1510/1409/1361
f 1512/1397/1362 1526/1412/1362 1525/1425/1362 1511/1410/1362
f 1513/1411/1363 1527/1426/1363 1540/1427/1363 1526/1412/1363
f 1514/1413/1364 1528/1428/1364 1527/1429/1364 1513/1414/1364
f 1515/1415/1365 1529/1430/1365 1528/1428/1365 1514/1413/1365
f 1516/1416/1366 1530/1431/1366 1529/1430/1366 1515/1415/1366
f 1517/1417/1367 1531/1432/1367 1530/1431/1367 1516/1416/1367
f 1518/1418/1368 1532/1433/1368 1531/1432/1368 1517/1417/1368
f 1519/1419/1369 1533/1434/1369 1532/1433/1369 1518/1418/1369
f 1520/1420/1370 1534/1435/1370 1533/1434/1370 1519/1419/1370
f 1521/1421/1371 1535/1436/1371 1534/1435/1371 1520/1420/1371
f 1522/1422/1372 1536/1437/1372 1535/1436/1372 1521/1421/1372
f 1523/1423/1373 1537/1438/1373 1536/1437/1373 1522/1422/1373
f 1524/1424/1374 1538/1439/1374 1537/1438/1374 1523/1423/1374
f 1525/1425/1375 1539/1440/1375 1538/1439/1375 1524/1424/1375
f 1526/1412/1376 1540/1427/1376 1539/1440/1376 1525/1425/1376
f 1527/1426/1377 1541/1441/1377 1554/1442/1377 1540/1427/1377
f 1528/1428/1378 1542/1443/1378 1541/1444/1378 1527/1429/1378
f 1529/1430/1379 1543/1445/1379 1542/1443/1379 1528/1428/1379
f 1530/1431/1380 1544/1446/1380 1543/1445/1380 1529/1430/1380
f 1531/1432/1381 1545/1447/1381 1544/1446/1381 1530/1431/1381
f 1532/1433/1382 1546/1448/1382 1545/1447/1382 1531/1432/1382
f 1533/1434/1383 1547/1449/1383 1546/1448/1383 1532/1433/1383
f 1534/1435/1384 1548/1450/1384 1547/1449/1384 1533/1434/1384
f 1535/1436/1385 1549/1451/1385 1548/1450/1385 1534/1435/1385
f 1536/1437/1386 1550/1452/1386 1549/1451/1386 1535/1436/1386
f 1537/1438/1387 1551/1453/1387 1550/1452/1387 1536/1437/1387
f 1538/1439/1388 1552/1454/1388 1551/1453/1388 1537/1438/1388
f 1539/1440/1389 1553/1455/1389 1552/1454/1389 1538/1439/1389
f 1540/1427/1390 1554/1442/1390 1553/1455/1390 1539/1440/1390
f 1541/1441/1391 1555/1456/1391 1568/1457/1391 1554/1442/1391
f 1542/1443/1392 1556/1458/1392 1555/1459/1392 1541/1444/1392
f 1543/1445/1393 1557/1460/1393 1556/1458/1393 1542/1443/1393
f 1544/1446/1394 1558/1461/1394 1557/1460/1394 1543/1445/1394
f 1545/1447/1395 1559/1462/1395 1558/1461/1395 1544/1446/1395
f 1546/1448/1396 1560/1463/1396 1559/1462/1396 1545/1447/1396
f 1547/1449/1397 1561/1464/1397 1560/1463/1397 1546/1448/1397
f 1548/1450/1398 1562/1465/1398 1561/1464/1398 1547/1449/1398
f 1549/1451/1399 1563/1466/1399 1562/1465/1399 1548/1450/1399
f 1550/1452/1400 1564/1467/1400 1563/1466/1400 1549/1451/1400
f 1551/1453/1401 1565/1468/1401 1564/1467/1401 1550/1452/1401
f 1552/1454/1402 1566/1469/1402 1565/1468/1402 1551/1453/1402
f 1553/1455/1403 1567/1470/1403 1566/1469/1403 1552/1454/1403
f 1554/1442/1404 1568/1457/1404 1567/1470/1404 1553/1455/1404
f 1555/1456/1405 1569/1471/1405 1582/1472/1405 1568/1457/1405
f 1556/1458/1406 1570/1473/1406 1569/1474/1406 1555/1459/1406
f 1557/1460/1407 1571/1475/1407 1570/1473/1407 1556/1458/1407
f 1558/1461/1408 1572/1476/1408 1571/1475/1408 1557/1460/1408
f 1559/1462/1409 1573/1477/1409 1572/1476/1409 1558/1461/1409
f 1560/1463/1410 1574/1478/1410 1573/1477/1410 1559/1462/1410
f 1561/1464/1411 1575/1479/1411 1574/1478/1411 1560/1463/1411
f 1562/1465/1412 1576/1480/1412 1575/1479/1412 1561/1464/1412
f 1563/1466/1413 1577/1481/1413 1576/1480/1413 1562/1465/1413
f 1564/1467/1414 1578/1482/1414 1577/1481/1414 1563/1466/1414
f 1565/1468/1415 1579/1483/1415 1578/1482/1415 1564/1467/1415
f 1566/1469/1416 1580/1484/1416 1579/1483/1416 1565/1468/1416
f 1567/1470/1417 1581/1485/1417 1580/1484/1417 1566/1469/1417
f 1568/1457/1418 1582/1472/1418 1581/1485/1418 1567/1470/1418
f 1569/1471/1419 1583/1486/1419 1596/1487/1419 1582/1472/1419
f 1570/1473/1420 1584/1488/1420 1583/1489/1420 1569/1474/1420
f 1571/1475/1421 1585/1490/1421 1584/1488/1421 1570/1473/1421
f 1572/1476/1422 1586/1491/1422 1585/1490/1422 1571/1475/1422
f 1573/1477/1423 1587/1492/1423 1586/1491/1423 1572/1476/1423
f 1574/1478/1424 1588/1493/1424 1587/1492/1424 1573/1477/1424
f 1575/1479/1425 1589/1494/1425 1588/1493/1425 1574/1478/1425
f 1576/1480/1426 1590/1495/1426 1589/1494/1426 1575/1479/1426
f 1577/1481/1427 1591/1496/1427 1590/1495/1427 1576/1480/1427
f 1578/1482/1428 1592/1497/1428 1591/1496/1428 1577/1481/1428
f 1579/1483/1429 1593/1498/1429 1592/1497/1429 1578/1482/1429
f 1580/1484/1430 1594/1499/1430 1593/1498/1430 1579/1483/1430
f 1581/1485/1431 1595/1500/1431 1594/1499/1431 1580/1484/1431
f 1582/1472/1432 1596/1487/1432 1595/1500/1432 1581/1485/1432
f 1583/1486/1433 1597/1501/1433 1610/1502/1433 1596/1487/1433
f 1584/1488/1434 1598/1503/1434 1597/1504/1434 1583/1489/1434
f 1585/1490/1435 1599/1505/1435 1598/1503/1435 1584/1488/1435
f 1586/1491/1436 1600/1506/1436 1599/1505/1436 1585/1490/1436
f 1587/1492/1437 1601/1507/1437 1600/1506/1437 1586/1491/1437
f 1588/1493/1438 1602/1508/1438 1601/1507/1438 1587/1492/1438
f 1589/1494/1439 1603/1509/1439 1602/1508/1439 1588/1493/1439
f 1590/1495/1440 1604/1510/1440 1603/1509/1440 1589/1494/1440
f 1591/1496/1441 1605/1511/1441 1604/1510/1441 1590/1495/1441
f 1592/1497/1442 1606/1512/1442 1605/1511/1442 1591/1496/1442
f 1593/1498/1443 1607/1513/1443 1606/1512/1443 1592/1497/1443
f 1594/1499/1444 1608/1514/1444 1607/1513/1444 1593/1498/1444
f 1595/1500/1445 1609/1515/1445 1608/1514/1445 1594/1499/1445
f 1596/1487/1446 1610/1502/1446 1609/1515/1446 1595/1500/1446
f 1597/1501/1447 1611/1516/1447 1624/1517/1447 1610/1502/1447
f 1598/1503/1448 1612/1518/1448 1611/1519/1448 1597/1504/1448
f 1599/1505/1449 1613/1520/1449 1612/1518/1449 1598/1503/1449
f 1600/1506/1450 1614/1521/1450 1613/1520/1450 1599/1505/1450
f 1601/1507/1451 1615/1522/1451 1614/1521/1451 1600/1506/1451
f 1602/1508/1452 1616/1523/1452 1615/1522/1452 1601/1507/1452
f 1603/1509/1453 1617/1524/1453 1616/1523/1453 1602/1508/1453
f 1604/1510/1454 1618/1525/1454 1617/1524/1454 1603/1509/1454
f 1605/1511/1455 1619/1526/1455 1618/1525/1455 1604/1510/1455
f 1606/1512/1456 1620/1527/1456 1619/1526/1456 1605/1511/1456
f 1607/1513/1457 1621/1528/1457 1620/1527/1457 1606/1512/1457
f 1608/1514/1458 1622/1529/1458 1621/1528/1458 1607/1513/1458
f 1609/1515/1459 1623/1530/1459 1622/1529/1459 1608/1514/1459
f 1610/1502/1460 1624/1517/1460 1623/1530/1460 1609/1515/1460
f 1611/1516/1461 1625/1531/1461 1638/1532/1461 1624/1517/1461
f 1612/1518/1462 1626/1533/1462 1625/1534/1462 1611/1519/1462
f 1613/1520/1463 1627/1535/1463 1626/1533/1463 1612/1518/1463
f 1614/1521/1464 1628/1536/1464 1627/1535/1464 1613/1520/1464
f 1615/1522/1465 1629/1537/1465 1628/1536/1465 1614/1521/1465
f 1616/1523/1466 1630/1538/1466 1629/1537/1466 1615/1522/1466
f 1617/1524/1467 1631/1539/1467 1630/1538/1467 1616/1523/1467
f 1618/1525/1468 1632/1540/1468 1631/1539/1468 1617/1524/1468
f 1619/1526/1469 1633/1541/1469 1632/1540/1469 1618/1525/1469
f 1620/1527/1470 1634/1542/1470 1633/1541/1470 1619/1526/1470
f 1621/1528/1471 1635/1543/1471 1634/1542/1471 1620/1527/1471
f 1622/1529/1472 1636/1544/1472 1635/1543/1472 1621/1528/1472
f 1623/1530/1473 1637/1545/1473 1636/1544/1473 1622/1529/1473
f 1624/1517/1474 1638/1532/1474 1637/1545/1474 1623/1530/1474
f 1625/1531/1475 1639/1546/1475 1652/1547/1475 1638/1532/1475
f 1626/1533/1476 1640/1548/1476 1639/1549/1476 1625/1534/1476
f 1627/1535/1477 1641/1550/1477 1640/1548/1477 1626/1533/1477
f 1628/1536/1478 1642/1551/1478 1641/1550/1478 1627/1535/1478
f 1629/1537/1479 1643/1552/1479 1642/1551/1479 1628/1536/1479
f 1630/1538/1480 1644/1553/1480 1643/1552/1480 1629/1537/1480
f 1631/1539/1481 1645/1554/1481 1644/1553/1481 1630/1538/1481
f 1632/1540/1482 1646/1555/1482 1645/1554/1482 1631/1539/1482
f 1633/1541/1483 1647/1556/1483 1646/1555/1483 1632/1540/1483
f 1634/1542/1484 1648/1557/1484 1647/1556/1484 1633/1541/1484
f 1635/1543/1485 1649/1558/1485 1648/1557/1485 1634/1542/1485
f 1636/1544/1486 1650/1559/1486 1649/1558/1486 1635/1543/1486
f 1637/1545/1487 1651/1560/1487 1650/1559/1487 1636/1544/1487
f 1638/1532/1488 1652/1547/1488 1651/1560/1488 1637/1545/1488
f 1639/1546/1489 1653/1561/1489 1666/1562/1489 1652/1547/1489
f 1640/1548/1490 1654/1563/1490 1653/1564/1490 1639/1549/1490
f 1641/1550/1491 1655/1565/1491 1654/1563/1491 1640/1548/1491
f 1642/1551/1492 1656/1566/1492 1655/1565/1492 1641/1550/1492
f 1643/1552/1493 1657/1567/1493 1656/1566/1493 1642/1551/1493
f 1644/1553/1494 1658/1568/1494 1657/1567/1494 1643/1552/1494
f 1645/1554/1495 1659/1569/1495 1658/1568/1495 1644/1553/1495
f 1646/1555/1496 1660/1570/1496 1659/1569/1496 1645/1554/1496
f 1647/1556/1497 1661/1571/1497 1660/1570/1497 1646/1555/1497
f 1648/1557/1498 1662/1572/1498 1661/1571/1498 1647/1556/1498
f 1649/1558/1499 1663/1573/1499 1662/1572/1499 1648/1557/1499
f 1650/1559/1500 1664/1574/1500 1663/1573/1500 1649/1558/1500
f 1651/1560/1501 1665/1575/1501 1664/1574/1501 1650/1559/1501
f 1652/1547/1502 1666/1562/1502 1665/1575/1502 1651/1560/1502
f 1653/1561/1503 1667/1576/1503 1680/1577/1503 1666/1562/1503
f 1654/1563/1504 1668/1578/1504 1667/1579/1504 1653/1564/1504
f 1655/1565/1505 1669/1580/1505 1668/1578/1505 1654/1563/1505
f 1656/1566/1506 1670/1581/1506 1669/1580/1506 1655/1565/1506
f 1657/1567/1507 1671/1582/1507 1670/1581/1507 1656/1566/1507
f 1658/1568/1508 1672/1583/1508 1671/1582/1508 1657/1567/1508
f 1659/1569/1509 1673/1584/1509 1672/1583/1509 1658/1568/1509
f 1660/1570/1510 1674/1585/1510 1673/1584/1510 1659/1569/1510
f 1661/1571/1511 1675/1586/1511 1674/1585/1511 1660/1570/1511
f 1662/1572/1512 1676/1587/1512 1675/1586/1512 1661/1571/1512
f 1663/1573/1513 1677/1588/1513 1676/1587/1513 1662/1572/1513
f 1664/1574/1514 1678/1589/1514 1677/1588/1514 1663/1573/1514
f 1665/1575/1515 1679/1590/1515 1678/1589/1515 1664/1574/1515
f 1666/1562/1516 1680/1577/1516 1679/1590/1516 1665/1575/1516
f 1667/1576/1517 1681/1591/1517 1694/1592/1517 1680/1577/1517
f 1668/1578/1518 1682/1593/1518 1681/1594/1518 1667/1579/1518
f 1669/1580/1519 1683/1595/1519 1682/1593/1519 1668/1578/1519
f 1670/1581/1520 1684/1596/1520 1683/1595/1520 1669/1580/1520
f 1671/1582/1521 1685/1597/1521 1684/1596/1521 1670/1581/1521
f 1672/1583/1522 1686/1598/1522 1685/1597/1522 1671/1582/1522
f 1673/1584/1523 1687/1599/1523 1686/1598/1523 1672/1583/1523
f 1674/1585/1524 1688/1600/1524 1687/1599/1524 1673/1584/1524
f 1675/1586/1525 1689/1601/1525 1688/1600/1525 1674/1585/1525
f 1676/1587/1526 1690/1602/1526 1689/1601/1526 1675/1586/1526
f 1677/1588/1527 1691/1603/1527 1690/1602/1527 1676/1587/1527
f 1678/1589/1528 1692/1604/1528 1691/1603/1528 1677/1588/1528
f 1679/1590/1529 1693/1605/1529 1692/1604/1529 1678/1589/1529
f 1680/1577/1530 1694/1592/1530 1693/1605/1530 1679/1590/1530
f 1681/1591/1531 1695/1606/1531 1708/1607/1531 1694/1592/1531
f 1682/1593/1532 1696/1608/1532 1695/1609/1532 1681/1594/1532
f 1683/1595/1533 1697/1610/1533 1696/1608/1533 1682/1593/1533
f 1684/1596/1534 1698/1611/1534 1697/1610/1534 1683/1595/1534
f 1685/1597/1535 1699/1612/1535 1698/1611/1535 1684/1596/1535
f 1686/1598/1536 1700/1613/1536 1699/1612/1536 1685/1597/1536
f 1687/1599/1537 1701/1614/1537 1700/1613/1537 1686/1598/1537
f 1688/1600/1538 1702/1615/1538 1701/1614/1538 1687/1599/1538
f 1689/1601/1539 1703/1616/1539 1702/1615/1539 1688/1600/1539
f 1690/1602/1540 1704/1617/1540 1703/1616/1540 1689/1601/1540
f 1691/1603/1541 1705/1618/1541 1704/1617/1541 1690/1602/1541
f 1692/1604/1542 1706/1619/1542 1705/1618/1542 1691/1603/1542
f 1693/1605/1543 1707/1620/1543 1706/1619/1543 1692/1604/1543
f 1694/1592/1544 1708/1607/1544 1707/1620/1544 1693/1605/1544
f 1695/1606/1545 1709/1621/1545 1722/1622/1545 1708/1607/1545
f 1696/1608/1546 1710/1623/1546 1709/1624/1546 1695/1609/1546
f 1697/1610/1547 1711/1625/1547 1710/1623/1547 1696/1608/1547
f 1698/1611/1548 1712/1626/1548 1711/1625/1548 1697/1610/1548
f 1699/1612/1549 1713/1627/1549 1712/1626/1549 1698/1611/1549
f 1700/1613/1550 1714/1628/1550 1713/1627/1550 1699/1612/1550
f 1701/1614/1551 1715/1629/1551 1714/1628/1551 1700/1613/1551
f 1702/1615/1552 1716/1630/1552 1715/1629/1552 1701/1614/1552
f 1703/1616/1553 1717/1631/1553 1716/1630/1553 1702/1615/1553
f 1704/1617/1554 1718/1632/1554 1717/1631/1554 1703/1616/1554
f 1705/1618/1555 1719/1633/1555 1718/1632/1555 1704/1617/1555
f 1706/1619/1556 1720/1634/1556 1719/1633/1556 1705/1618/1556
f 1707/1620/1557 1721/1635/1557 1720/1634/1557 1706/1619/1557
f 1708/1607/1558 1722/1622/1558 1721/1635/1558 1707/1620/1558
f 1709/1621/1559 1723/1636/1559 1736/1637/1559 1722/1622/1559
f 1710/1623/1560 1724/1638/1560 1723/1639/1560 1709/1624/1560
f 1711/1625/1561 1725/1640/1561 1724/1638/1561 1710/1623/1561
f 1712/1626/1562 1726/1641/1562 1725/1640/1562 1711/1625/1562
f 1713/1627/1563 1727/1642/1563 1726/1641/1563 1712/1626/1563
f 1714/1628/1564 1728/1643/1564 1727/1642/1564 1713/1627/1564
f 1715/1629/1565 1729/1644/1565 1728/1643/1565 1714/1628/1565
f 1716/1630/1566 1730/1645/1566 1729/1644/1566 1715/1629/1566
f 1717/1631/1567 1731/1646/1567 1730/1645/1567 1716/1630/1567
f 1718/1632/1568 1732/1647/1568 1731/1646/1568 1717/1631/1568
f 1719/1633/1569 1733/1648/1569 1732/1647/1569 1718/1632/1569
f 1720/1634/1570 1734/1649/1570 1733/1648/1570 1719/1633/1570
f 1721/1635/1571 1735/1650/1571 1734/1649/1571 1720/1634/1571
f 1722/1622/1572 1736/1637/1572 1735/1650/1572 1721/1635/1572
f 1723/1636/1573 1737/1651/1573 1750/1652/1573 1736/1637/1573
f 1724/1638/1574 1738/1653/1574 1737/1654/1574 1723/1639/1574
f 1725/1640/1575 1739/1655/1575 1738/1653/1575 1724/1638/1575
f 1726/1641/1576 1740/1656/1576 1739/1655/1576 1725/1640/1576
f 1727/1642/1577 1741/1657/1577 1740/1656/1577 1726/1641/1577
f 1728/1643/1578 1742/1658/1578 1741/1657/1578 1727/1642/1578
f 1729/1644/1579 1743/1659/1579 1742/1658/1579 1728/1643/1579
f 1730/1645/1580 1744/1660/1580 1743/1659/1580 1729/1644/1580
f 1731/1646/1581 1745/1661/1581 1744/1660/1581 1730/1645/1581
f 1732/1647/1582 1746/1662/1582 1745/1661/1582 1731/1646/1582
f 1733/1648/1583 1747/1663/1583 1746/1662/1583 1732/1647/1583
f 1734/1649/1584 1748/1664/1584 1747/1663/1584 1733/1648/1584
f 1735/1650/1585 1749/1665/1585 1748/1664/1585 1734/1649/1585
f 1736/1637/1586 1750/1652/1586 1749/1665/1586 1735/1650/1586
f 1737/1651/1587 1751/1666/1587 1764/1667/1587 1750/1652/1587
f 1738/1653/1588 1752/1668/1588 1751/1669/1588 1737/1654/1588
f 1739/1655/1589 1753/1670/1589 1752/1668/1589 1738/1653/1589
f 1740/1656/1590 1754/1671/1590 1753/1670/1590 1739/1655/1590
f 1741/1657/1591 1755/1672/1591 1754/1671/1591 1740/1656/1591
f 1742/1658/1592 1756/1673/1592 1755/1672/1592 1741/1657/1592
f 1743/1659/1593 1757/1674/1593 1756/1673/1593 1742/1658/1593
f 1744/1660/1594 1758/1675/1594 1757/1674/1594 1743/1659/1594
f 1745/1661/1595 1759/1676/1595 1758/1675/1595 1744/1660/1595
f 1746/1662/1596 1760/1677/1596 1759/1676/1596 1745/1661/1596
f 1747/1663/1597 1761/1678/1597 1760/1677/1597 1746/1662/1597
f 1748/1664/1598 1762/1679/1598 1761/1678/1598 1747/1663/1598
f 1749/1665/1599 1763/1680/1599 1762/1679/1599 1748/1664/1599
f 1750/1652/1600 1764/1667/1600 1763/1680/1600 1749/1665/1600
f 1751/1666/1601 1765/1681/1601 1778/1682/1601 1764/1667/1601
f 1752/1668/1602 1766/1683/1602 1765/1684/1602 1751/1669/1602
f 1753/1670/1603 1767/1685/1603 1766/1683/1603 1752/1668/1603
f 1754/1671/1604 1768/1686/1604 1767/1685/1604 1753/1670/1604
f 1755/1672/1605 1769/1687/1605 1768/1686/1605 1754/1671/1605
f 1756/1673/1606 1770/1688/1606 1769/1687/1606 1755/1672/1606
f 1757/1674/1607 1771/1689/1607 1770/1688/1607 1756/1673/1607
f 1758/1675/1608 1772/1690/1608 1771/1689/1608 1757/1674/1608
f 1759/1676/1609 1773/1691/1609 1772/1690/1609 1758/1675/1609
f 1760/1677/1610 1774/1692/1610 1773/1691/1610 1759/1676/1610
f 1761/1678/1611 1775/1693/1611 1774/1692/1611 1760/1677/1611
f 1762/1679/1612 1776/1694/1612 1775/1693/1612 1761/1678/1612
f 1763/1680/1613 1777/1695/1613 1776/1694/1613 1762/1679/1613
f 1764/1667/1614 1778/1682/1614 1777/1695/1614 1763/1680/1614
f 1765/1681/1615 1779/1696/1615 1792/1697/1615 1778/1682/1615
f 1766/1683/1616 1780/1698/1616 1779/1699/1616 1765/1684/1616
f 1767/1685/1617 1781/1700/1617 1780/1698/1617 1766/1683/1617
f 1768/1686/1618 1782/1701/1618 1781/1700/1618 1767/1685/1618
f 1769/1687/1619 1783/1702/1619 1782/1701/1619 1768/1686/1619
f 1770/1688/1620 1784/1703/1620 1783/1702/1620 1769/1687/1620
f 1771/1689/1621 1785/1704/1621 1784/1703/1621 1770/1688/1621
f 1772/1690/1622 1786/1705/1622 1785/1704/1622 1771/1689/1622
f 1773/1691/1623 1787/1706/1623 1786/1705/1623 1772/1690/1623
f 1774/1692/1624 1788/1707/1624 1787/1706/1624 1773/1691/1624
f 1775/1693/1625 1789/1708/1625 1788/1707/1625 1774/1692/1625
f 1776/1694/1626 1790/1709/1626 1789/1708/1626 1775/1693/1626
f 1777/1695/1627 1791/1710/1627 1790/1709/1627 1776/1694/1627
f 1778/1682/1628 1792/1697/1628 1791/1710/1628 1777/1695/1628
f 1779/1696/1629 1793/1711/1629 1806/1712/1629 1792/1697/1629
f 1780/1698/1630 1794/1713/1630 1793/1714/1630 1779/1699/1630
f 1781/1700/1631 1795/1715/1631 1794/1713/1631 1780/1698/1631
f 1782/1701/1632 1796/1716/1632 1795/1715/1632 1781/1700/1632
f 1783/1702/1633 1797/1717/1633 1796/1716/1633 1782/1701/1633
f 1784/1703/1634 1798/1718/1634 1797/1717/1634 1783/1702/1634
f 1785/1704/1635 1799/1719/1635 1798/1718/1635 1784/1703/1635
f 1786/1705/1636 1800/1720/1636 1799/1719/1636 1785/1704/1636
f 1787/1706/1637 1801/1721/1637 1800/1720/1637 1786/1705/1637
f 1788/1707/1638 1802/1722/1638 1801/1721/1638 1787/1706/1638
f 1789/1708/1639 1803/1723/1639 1802/1722/1639 1788/1707/1639
f 1790/1709/1640 1804/1724/1640 1803/1723/1640 1789/1708/1640
f 1791/1710/1641 1805/1725/1641 1804/1724/1641 1790/1709/1641
f 1792/1697/1642 1806/1712/1642 1805/1725/1642 1791/1710/1642
f 1793/1711/1643 1807/1726/1643 1820/1727/1643 1806/1712/1643
f 1794/1713/1644 1808/1728/1644 1807/1729/1644 1793/1714/1644
f 1795/1715/1645 1809/1730/1645 1808/1728/1645 1794/1713/1645
f 1796/1716/1646 1810/1731/1646 1809/1730/1646 1795/1715/1646
f 1797/1717/1647 1811/1732/1647 1810/1731/1647 1796/1716/1647
f 1798/1718/1648 1812/1733/1648 1811/1732/1648 1797/1717/1648
f 1799/1719/1649 1813/1734/1649 1812/1733/1649 1798/1718/1649
f 1800/1720/1650 1814/1735/1650 1813/1734/1650 1799/1719/1650
f 1801/1721/1651 1815/1736/1651 1814/1735/1651 1800/1720/1651
f 1802/1722/1652 1816/1737/1652 1815/1736/1652 1801/1721/1652
f 1803/1723/1653 1817/1738/1653 1816/1737/1653 1802/1722/1653
f 1804/1724/1654 1818/1739/1654 1817/1738/1654 1803/1723/1654
f 1805/1725/1655 1819/1740/1655 1818/1739/1655 1804/1724/1655
f 1806/1712/1656 1820/1727/1656 1819/1740/1656 1805/1725/1656
f 1807/1726/1657 1821/1741/1657 1834/1742/1657 1820/1727/1657
f 1808/1728/1658 1822/1743/1658 1821/1744/1658 1807/1729/1658
f 1809/1730/1659 1823/1745/1659 1822/1743/1659 1808/1728/1659
f 1810/1731/1660 1824/1746/1660 1823/1745/1660 1809/1730/1660
f 1811/1732/1661 1825/1747/1661 1824/1746/1661 1810/1731/1661
f 1812/1733/1662 1826/1748/1662 1825/1747/1662 1811/1732/1662
f 1813/1734/1663 1827/1749/1663 1826/1748/1663 1812/1733/1663
f 1814/1735/1664 1828/1750/1664 1827/1749/1664 1813/1734/1664
f 1815/1736/1665 1829/1751/1665 1828/1750/1665 1814/1735/1665
f 1816/1737/1666 1830/1752/1666 1829/1751/1666 1815/1736/1666
f 1817/1738/1667 1831/1753/1667 1830/1752/1667 1816/1737/1667
f 1818/1739/1668 1832/1754/1668 1831/1753/1668 1817/1738/1668
f 1819/1740/1669 1833/1755/1669 1832/1754/1669 1818/1739/1669
f 1820/1727/1670 1834/1742/1670 1833/1755/1670 1819/1740/1670
f 1821/1741/1671 1835/1756/1671 1848/1757/1671 1834/1742/1671
f 1822/1743/1672 1836/1758/1672 1835/1759/1672 1821/1744/1672
f 1823/1745/1673 1837/1760/1673 1836/1758/1673 1822/1743/1673
f 1824/1746/1674 1838/1761/1674 1837/1760/1674 1823/1745/1674
f 1825/1747/1675 1839/1762/1675 1838/1761/1675 1824/1746/1675
f 1826/1748/1676 1840/1763/1676 1839/1762/1676 1825/1747/1676
f 1827/1749/1677 1841/1764/1677 1840/1763/1677 1826/1748/1677
f 1828/1750/1678 1842/1765/1678 1841/1764/1678 1827/1749/1678
f 1829/1751/1679 1843/1766/1679 1842/1765/1679 1828/1750/1679
f 1830/1752/1680 1844/1767/1680 1843/1766/1680 1829/1751/1680
f 1831/1753/1681 1845/1768/1681 1844/1767/1681 1830/1752/1681
f 1832/1754/1682 1846/1769/1682 1845/1768/1682 1831/1753/1682
f 1833/1755/1683 1847/1770/1683 1846/1769/1683 1832/1754/1683
f 1834/1742/1684 1848/1757/1684 1847/1770/1684 1833/1755/1684
f 1835/1756/1685 1849/1771/1685 1862/1772/1685 1848/1757/1685
f 1836/1758/1686 1850/1773/1686 1849/1774/1686 1835/1759/1686
f 1837/1760/1687 1851/1775/1687 1850/1773/1687 1836/1758/1687
f 1838/1761/1688 1852/1776/1688 1851/1775/1688 1837/1760/1688
f 1839/1762/1689 1853/1777/1689 1852/1776/1689 1838/1761/1689
f 1840/1763/1690 1854/1778/1690 1853/1777/1690 1839/1762/1690
f 1841/1764/1691 1855/1779/1691 1854/1778/1691 1840/1763/1691
f 1842/1765/1692 1856/1780/1692 1855/1779/1692 1841/1764/1692
f 1843/1766/1693 1857/1781/1693 1856/1780/1693 1842/1765/1693
f 1844/1767/1694 1858/1782/1694 1857/1781/1694 1843/1766/1694
f 1845/1768/1695 1859/1783/1695 1858/1782/1695 1844/1767/1695
f 1846/1769/1696 1860/1784/1696 1859/1783/1696 1845/1768/1696
f 1847/1770/1697 1861/1785/1697 1860/1784/1697 1846/1769/1697
f 1848/1757/1698 1862/1772/1698 1861/1785/1698 1847/1770/1698
f 1849/1771/1699 1863/1786/1699 1876/1787/1699 1862/1772/1699
f 1850/1773/1700 1864/1788/1700 1863/1789/1700 1849/1774/1700
f 1851/1775/1701 1865/1790/1701 1864/1788/1701 1850/1773/1701
f 1852/1776/1702 1866/1791/1702 1865/1790/1702 1851/1775/1702
f 1853/1777/1703 1867/1792/1703 1866/1791/1703 1852/1776/1703
f 1854/1778/1704 1868/1793/1704 1867/1792/1704 1853/1777/1704
f 1855/1779/1705 1869/1794/1705 1868/1793/1705 1854/1778/1705
f 1856/1780/1706 1870/1795/1706 1869/1794/1706 1855/1779/1706
f 1857/1781/1707 1871/1796/1707 1870/1795/1707 1856/1780/1707
f 1858/1782/1708 1872/1797/1708 1871/1796/1708 1857/1781/1708
f 1859/1783/1709 1873/1798/1709 1872/1797/1709 1858/1782/1709
f 1860/1784/1710 1874/1799/1710 1873/1798/1710 1859/1783/1710
f 1861/1785/1711 1875/1800/1711 1874/1799/1711 1860/1784/1711
f 1862/1772/1712 1876/1787/1712 1875/1800/1712 1861/1785/1712
f 1863/1786/1713 1877/1801/1713 1890/1802/1713 1876/1787/1713
f 1864/1788/1714 1878/1803/1714 1877/1804/1714 1863/1789/1714
f 1865/1790/1715 1879/1805/1715 1878/1803/1715 1864/1788/1715
f 1866/1791/1716 1880/1806/1716 1879/1805/1716 1865/1790/1716
f 1867/1792/1717 1881/1807/1717 1880/1806/1717 1866/1791/1717
f 1868/1793/1718 1882/1808/1718 1881/1807/1718 1867/1792/1718
f 1869/1794/1719 1883/1809/1719 1882/1808/1719 1868/1793/1719
f 1870/1795/1720 1884/1810/1720 1883/1809/1720 1869/1794/1720
f 1871/1796/1721 1885/1811/1721 1884/1810/1721 1870/1795/1721
f 1872/1797/1722 1886/1812/1722 1885/1811/1722 1871/1796/1722
f 1873/1798/1723 1887/1813/1723 1886/1812/1723 1872/1797/1723
f 1874/1799/1724 1888/1814/1724 1887/1813/1724 1873/1798/1724
f 1875/1800/1725 1889/1815/1725 1888/1814/1725 1874/1799/1725
f 1876/1787/1726 1890/1802/1726 1889/1815/1726 1875/1800/1726
f 1877/1801/1727 1891/1816/1727 1904/1817/1727 1890/1802/1727
f 1878/1803/1728 1892/1818/1728 1891/1819/1728 1877/1804/1728
f 1879/1805/1729 1893/1820/1729 1892/1818/1729 1878/1803/1729
f 1880/1806/1730 1894/1821/1730 1893/1820/1730 1879/1805/1730
f 1881/1807/1731 1895/1822/1731 1894/1821/1731 1880/1806/1731
f 1882/1808/1732 1896/1823/1732 1895/1822/1732 1881/1807/1732
f 1883/1809/1733 1897/1824/1733 1896/1823/1733 1882/1808/1733
f 1884/1810/1734 1898/1825/1734 1897/1824/1734 1883/1809/1734
f 1885/1811/1735 1899/1826/1735 1898/1825/1735 1884/1810/1735
f 1886/1812/1736 1900/1827/1736 1899/1826/1736 1885/1811/1736
f 1887/1813/1737 1901/1828/1737 1900/1827/1737 1886/1812/1737
f 1888/1814/1738 1902/1829/1738 1901/1828/1738 1887/1813/1738
f 1889/1815/1739 1903/1830/1739 1902/1829/1739 1888/1814/1739
f 1890/1802/1740 1904/1817/1740 1903/1830/1740 1889/1815/1740
f 1891/1816/1741 1905/1831/1741 1918/1832/1741 1904/1817/1741
f 1892/1818/1742 1906/1833/1742 1905/1834/1742 1891/1819/1742
f 1893/1820/1743 1907/1835/1743 1906/1833/1743 1892/1818/1743
f 1894/1821/1744 1908/1836/1744 1907/1835/1744 1893/1820/1744
f 1895/1822/1745 1909/1837/1745 1908/1836/1745 1894/1821/1745
f 1896/1823/1746 1910/1838/1746 1909/1837/1746 1895/1822/1746
f 1897/1824/1747 1911/1839/1747 1910/1838/1747 1896/1823/1747
f 1898/1825/1748 1912/1840/1748 1911/1839/1748 1897/1824/1748
f 1899/1826/1749 1913/1841/1749 1912/1840/1749 1898/1825/1749
f 1900/1827/1750 1914/1842/1750 1913/1841/1750 1899/1826/1750
f 1901/1828/1751 1915/1843/1751 1914/1842/1751 1900/1827/1751
f 1902/1829/1752 1916/1844/1752 1915/1843/1752 1901/1828/1752
f 1903/1830/1753 1917/1845/1753 1916/1844/1753 1902/1829/1753
f 1904/1817/1754 1918/1832/1754 1917/1845/1754 1903/1830/1754
f 1905/1831/1755 1919/1846/1755 1932/1847/1755 1918/1832/1755
f 1906/1833/1756 1920/1848/1756 1919/1849/1756 1905/1834/1756
f 1907/1835/1757 1921/1850/1757 1920/1848/1757 1906/1833/1757
f 1908/1836/1758 1922/1851/1758 1921/1850/1758 1907/1835/1758
f 1909/1837/1759 1923/1852/1759 1922/1851/1759 1908/1836/1759
f 1910/1838/1760 1924/1853/1760 1923/1852/1760 1909/1837/1760
f 1911/1839/1761 1925/1854/1761 1924/1853/1761 1910/1838/1761
f 1912/1840/1762 1926/1855/1762 1925/1854/1762 1911/1839/1762
f 1913/1841/1763 1927/1856/1763 1926/1855/1763 1912/1840/1763
f 1914/1842/1764 1928/1857/1764 1927/1856/1764 1913/1841/1764
f 1915/1843/1765 1929/1858/1765 1928/1857/1765 1914/1842/1765
f 1916/1844/1766 1930/1859/1766 1929/1858/1766 1915/1843/1766
f 1917/1845/1767 1931/1860/1767 1930/1859/1767 1916/1844/1767
f 1918/1832/1768 1932/1847/1768 1931/1860/1768 1917/1845/1768
f 1919/1846/1769 1933/1861/1769 1946/1862/1769 1932/1847/1769
f 1920/1848/1770 1934/1863/1770 1933/1864/1770 1919/1849/1770
f 1921/1850/1771 1935/1865/1771 1934/1863/1771 1920/1848/1771
f 1922/1851/1772 1936/1866/1772 1935/1865/1772 1921/1850/1772
f 1923/1852/1773 1937/1867/1773 1936/1866/1773 1922/1851/1773
f 1924/1853/1774 1938/1868/1774 1937/1867/1774 1923/1852/1774
f 1925/1854/1775 1939/1869/1775 1938/1868/1775 1924/1853/1775
f 1926/1855/1776 1940/1870/1776 1939/1869/1776 1925/1854/1776
f 1927/1856/1777 1941/1871/1777 1940/1870/1777 1926/1855/1777
f 1928/1857/1778 1942/1872/1778 1941/1871/1778 1927/1856/1778
f 1929/1858/1779 1943/1873/1779 1942/1872/1779 1928/1857/1779
f 1930/1859/1780 1944/1874/1780 1943/1873/1780 1929/1858/1780
f 1931/1860/1781 1945/1875/1781 1944/1874/1781 1930/1859/1781
f 1932/1847/1782 1946/1862/1782 1945/1875/1782 1931/1860/1782
f 1933/1861/1783 1947/1876/1783 1960/1877/1783 1946/1862/1783
f 1934/1863/1784 1948/1878/1784 1947/1879/1784 1933/1864/1784
f 1935/1865/1785 1949/1880/1785 1948/1878/1785 1934/1863/1785
f 1936/1866/1786 1950/1881/1786 1949/1880/1786 1935/1865/1786
f 1937/1867/1787 1951/1882/1787 1950/1881/1787 1936/1866/1787
f 1938/1868/1788 1952/1883/1788 1951/1882/1788 1937/1867/1788
f 1939/1869/1789 1953/1884/1789 1952/1883/1789 1938/1868/1789
f 1940/1870/1790 1954/1885/1790 1953/1884/1790 1939/1869/1790
f 1941/1871/1791 1955/1886/1791 1954/1885/1791 1940/1870/1791
f 1942/1872/1792 1956/1887/1792 1955/1886/1792 1941/1871/1792
f 1943/1873/1793 1957/1888/1793 1956/1887/1793 1942/1872/1793
f 1944/1874/1794 1958/1889/1794 1957/1888/1794 1943/1873/1794
f 1945/1875/1795 1959/1890/1795 1958/1889/1795 1944/1874/1795
f 1946/1862/1796 1960/1877/1796 1959/1890/1796 1945/1875/1796
f 1947/1876/1797 1961/1891/1797 1974/1892/1797 1960/1877/1797
f 1948/1878/1798 1962/1893/1798 1961/1894/1798 1947/1879/1798
f 1949/1880/1799 1963/1895/1799 1962/1893/1799 1948/1878/1799
f 1950/1881/1800 1964/1896/1800 1963/1895/1800 1949/1880/1800
f 1951/1882/1801 1965/1897/1801 1964/1896/1801 1950/1881/1801
f 1952/1883/1802 1966/1898/1802 1965/1897/1802 1951/1882/1802
f 1953/1884/1803 1967/1899/1803 1966/1898/1803 1952/1883/1803
f 1954/1885/1804 1968/1900/1804 1967/1899/1804 1953/1884/1804
f 1955/1886/1805 1969/1901/1805 1968/1900/1805 1954/1885/1805
f 1956/1887/1806 1970/1902/1806 1969/1901/1806 1955/1886/1806
f 1957/1888/1807 1971/1903/1807 1970/1902/1807 1956/1887/1807
f 1958/1889/1808 1972/1904/1808 1971/1903/1808 1957/1888/1808
f 1959/1890/1809 1973/1905/1809 1972/1904/1809 1958/1889/1809
f 1960/1877/1810 1974/1892/1810 1973/1905/1810 1959/1890/1810
f 1961/1891/1811 1975/1906/1811 1988/1907/1811 1974/1892/1811
f 1962/1893/1812 1976/1908/1812 1975/1909/1812 1961/1894/1812
f 1963/1895/1813 1977/1910/1813 1976/1908/1813 1962/1893/1813
f 1964/1896/1814 1978/1911/1814 1977/1910/1814 1963/1895/1814
f 1965/1897/1815 1979/1912/1815 1978/1911/1815 1964/1896/1815
f 1966/1898/1816 1980/1913/1816 1979/1912/1816 1965/1897/1816
f 1967/1899/1817 1981/1914/1817 1980/1913/1817 1966/1898/1817
f 1968/1900/1818 1982/1915/1818 1981/1914/1818 1967/1899/1818
f 1969/1901/1819 1983/1916/1819 1982/1915/1819 1968/1900/1819
f 1970/1902/1820 1984/1917/1820 1983/1916/1820 1969/1901/1820
f 1971/1903/1821 1985/1918/1821 1984/1917/1821 1970/1902/1821
f 1972/1904/1822 1986/1919/1822 1985/1918/1822 1971/1903/1822
f 1973/1905/1823 1987/1920/1823 1986/1919/1823 1972/1904/1823
f 1974/1892/1824 1988/1907/1824 1987/1920/1824 1973/1905/1824
f 1975/1906/1825 1989/1921/1825 2002/1922/1825 1988/1907/1825
f 1976/1908/1826 1990/1923/1826 1989/1924/1826 1975/1909/1826
f 1977/1910/1827 1991/1925/1827 1990/1923/1827 1976/1908/1827
f 1978/1911/1828 1992/1926/1828 1991/1925/1828 1977/1910/1828
f 1979/1912/1829 1993/1927/1829 1992/1926/1829 1978/1911/1829
f 1980/1913/1830 1994/1928/1830 1993/1927/1830 1979/1912/1830
f 1981/1914/1831 1995/1929/1831 1994/1928/1831 1980/1913/1831
f 1982/1915/1832 1996/1930/1832 1995/1929/1832 1981/1914/1832
f 1983/1916/1833 1997/1931/1833 1996/1930/1833 1982/1915/1833
f 1984/1917/1834 1998/1932/1834 1997/1931/1834 1983/1916/1834
f 1985/1918/1835 1999/1933/1835 1998/1932/1835 1984/1917/1835
f 1986/1919/1836 2000/1934/1836 1999/1933/1836 1985/1918/1836
f 1987/1920/1837 2001/1935/1837 2000/1934/1837 1986/1919/1837
f 1988/1907/1838 2002/1922/1838 2001/1935/1838 1987/1920/1838
f 1989/1921/1839 2003/1936/1839 2016/1937/1839 2002/1922/1839
f 1990/1923/1840 2004/1938/1840 2003/1939/1840 1989/1924/1840
f 1991/1925/1841 2005/1940/1841 2004/1938/1841 1990/1923/1841
f 1992/1926/1842 2006/1941/1842 2005/1940/1842 1991/1925/1842
f 1993/1927/1843 2007/1942/1843 2006/1941/1843 1992/1926/1843
f 1994/1928/1844 2008/1943/1844 2007/1942/1844 1993/1927/1844
f 1995/1929/1845 2009/1944/1845 2008/1943/1845 1994/1928/1845
f 1996/1930/1846 2010/1945/1846 2009/1944/1846 1995/1929/1846
f 1997/1931/1847 2011/1946/1847 2010/1945/1847 1996/1930/1847
f 1998/1932/1848 2012/1947/1848 2011/1946/1848 1997/1931/1848
f 1999/1933/1849 2013/1948/1849 2012/1947/1849 1998/1932/1849
f 2000/1934/1850 2014/1949/1850 2013/1948/1850 1999/1933/1850
f 2001/1935/1851 2015/1950/1851 2014/1949/1851 2000/1934/1851
f 2002/1922/1852 2016/1937/1852 2015/1950/1852 2001/1935/1852
f 2003/1936/1853 2017/1951/1853 2030/1952/1853 2016/1937/1853
f 2004/1938/1854 2018/1953/1854 2017/106/1854 2003/1939/1854
f 2005/1940/1855 2019/1954/1855 2018/1953/1855 2004/1938/1855
f 2006/1941/1856 2020/1955/1856 2019/1954/1856 2005/1940/1856
f 2007/1942/1857 2021/1956/1857 2020/1955/1857 2006/1941/1857
f 2008/1943/1858 2022/1957/1858 2021/1956/1858 2007/1942/1858
f 2009/1944/1859 2023/1958/1859 2022/1957/1859 2008/1943/1859
f 2010/1945/1860 2024/1959/1860 2023/1958/1860 2009/1944/1860
f 2011/1946/1861 2025/1960/1861 2024/1959/1861 2010/1945/1861
f 2012/1947/1862 2026/1961/1862 2025/1960/1862 2011/1946/1862
f 2013/1948/1863 2027/1962/1863 2026/1961/1863 2012/1947/1863
f 2014/1949/1864 2028/1963/1864 2027/1962/1864 2013/1948/1864
f 2015/1950/1865 2029/1964/1865 2028/1963/1865 2014/1949/1865
f 2016/1937/1866 2030/1952/1866 2029/1964/1866 2015/1950/1866
